question_id,arrange_word_id,arrange_word,en1,en2,ja1,ja2,voice1,voice2,included_1or2,voice1_name,voice2_name,sentence_first_en,sentence_second_en,answer,chips,audio_first,audio_second,audio_auto,icon_first,icon_second,position_first,position_second,highlight_chips
e0601,va0301,fit,Do these jeans fit you well?,"Yeah, they're actually pretty comfortable!",このジーンズちゃんと合ってる？,うん、実はすごく着心地いいよ！,Ivy,Kevin,1,Ivy,Kevin,___________,"Yeah, they're actually pretty comfortable!",Do these jeans fit you well?,Do|these|jeans|fit|you|well?,e0601-a.mp3,e0601-b.mp3,1,user,Kevin.png,right,left,fit
e0602,va0301,fit,I need to stay fit for the soccer season.,,サッカーシーズンに向けて体調を維持しないと。,,Ivy,,1,Ivy,,___________,,I need to stay fit for the soccer season.,I|need|to|stay|fit|for|the|soccer|season.,e0602-a.mp3,,1,user,,right,none,fit
e0603,va0302,actually,Do you like math?,"Actually, yeah, I find it kind of relaxing.",数学好き？,実はね、うん、なんかリラックスできるんだ。,Kevin,Ivy,2,Kevin,Ivy,Do you like math?,___________,"Actually, yeah, I find it kind of relaxing.","Actually,|yeah,|I|find|it|kind|of|relaxing.",e0603-a.mp3,e0603-b.mp3,1,Kevin.png,user,left,right,"Actually,"
e0604,va0302,actually,I actually finished my homework early for once.,,珍しく実は宿題を早く終わらせたんだ。,,Ivy,,1,Ivy,,___________,,I actually finished my homework early for once.,I|actually|finished|my|homework|early|for|once.,e0604-a.mp3,,1,user,,right,none,actually
e0605,va0303,safe,Is it safe to walk home this late?,"Should be, this area's pretty quiet.",こんな遅くに歩いて帰るの安全かな？,大丈夫だと思うよ、この辺は結構静かだから。,Ivy,Matthew,1,Ivy,Matthew,___________,"Should be, this area's pretty quiet.",Is it safe to walk home this late?,Is|it|safe|to|walk|home|this|late?,e0605-a.mp3,e0605-b.mp3,1,user,Matthew.png,right,left,safe
e0606,va0303,safe,"Text me when you get home safe, okay?",,無事家に着いたらメッセージしてね。,,Matthew,,1,Matthew,,___________,,"Text me when you get home safe, okay?","Text|me|when|you|get|home|safe,|okay?",e0606-a.mp3,,1,Matthew.png,,left,none,"safe,"
e0607,va0304,plant,Can you water my plant while I'm on vacation?,"Sure, no problem!",休暇中、私の植物に水やってくれる？,うん、いいよ！,Ivy,Matthew,1,Ivy,Matthew,___________,"Sure, no problem!",Can you water my plant while I'm on vacation?,Can|you|water|my|plant|while|I'm|on|vacation?,e0607-a.mp3,e0607-b.mp3,1,user,Matthew.png,right,left,plant
e0608,va0304,plant,We planted some sunflowers in the garden last month.,,先月庭にひまわりを植えたんだ。,,Ivy,,1,Ivy,,___________,,We planted some sunflowers in the garden last month.,We|planted|some|sunflowers|in|the|garden|last|month.,e0608-a.mp3,,1,user,,right,none,planted
e0609,va0305,unhappy,Why do you look so unhappy?,I got a bad grade on my test.,なんでそんな不満そうなの？,テストで悪い点取っちゃったんだ。,Kevin,Ivy,1,Kevin,Ivy,___________,I got a bad grade on my test.,Why do you look so unhappy?,Why|do|you|look|so|unhappy?,e0609-a.mp3,e0609-b.mp3,1,Kevin.png,user,left,right,unhappy?
e0610,va0305,unhappy,She seemed unhappy about the schedule change.,,彼女はスケジュール変更に不満そうだったよ。,,Ivy,,1,Ivy,,___________,,She seemed unhappy about the schedule change.,She|seemed|unhappy|about|the|schedule|change.,e0610-a.mp3,,1,user,,right,none,unhappy
e0611,va0306,rich,"If you were rich, what would you buy first?",Definitely a huge gaming setup!,もしお金持ちだったら、最初に何買う？,絶対デカいゲーミング環境！,Ivy,Kevin,1,Ivy,Kevin,___________,Definitely a huge gaming setup!,"If you were rich, what would you buy first?","If|you|were|rich,|what|would|you|buy|first?",e0611-a.mp3,e0611-b.mp3,1,user,Kevin.png,right,left,"rich,"
e0612,va0306,rich,That soup has such a rich flavor.,,そのスープ、すごく濃厚な味だね。,,Ivy,,1,Ivy,,___________,,That soup has such a rich flavor.,That|soup|has|such|a|rich|flavor.,e0612-a.mp3,,1,user,,right,none,rich
e0613,va0307,pay,How much did you pay for those shoes?,About five thousand yen.,その靴いくら払ったの？,5000円くらいかな。,Kevin,Ivy,1,Kevin,Ivy,___________,About five thousand yen.,How much did you pay for those shoes?,How|much|did|you|pay|for|those|shoes?,e0613-a.mp3,e0613-b.mp3,1,Kevin.png,user,left,right,pay
e0614,va0307,pay,"I'll pay you back for lunch tomorrow, promise.",,明日のランチ代、必ず返すね、約束。,,Ivy,,1,Ivy,,___________,,"I'll pay you back for lunch tomorrow, promise.","I'll|pay|you|back|for|lunch|tomorrow,|promise.",e0614-a.mp3,,1,user,,right,none,pay
e0615,va0308,easily,You solved that so easily!,I've just done a lot of these problems.,それすごく簡単に解いたね！,こういう問題たくさんやってきただけだよ。,Kevin,Ivy,1,Kevin,Ivy,___________,I've just done a lot of these problems.,You solved that so easily!,You|solved|that|so|easily!,e0615-a.mp3,e0615-b.mp3,1,Kevin.png,user,left,right,easily!
e0616,va0308,easily,This fabric wrinkles really easily.,,この生地はすごくしわになりやすいんだ。,,Ivy,,1,Ivy,,___________,,This fabric wrinkles really easily.,This|fabric|wrinkles|really|easily.,e0616-a.mp3,,1,user,,right,none,easily.
e0617,va0309,take care of,Can you take care of my dog this weekend?,"Of course, I love your dog!",今週末うちの犬の世話してくれる？,もちろん、君の犬大好きだから！,Ivy,Matthew,1,Ivy,Matthew,___________,"Of course, I love your dog!",Can you take care of my dog this weekend?,Can|you|take|care|of|my|dog|this|weekend?,e0617-a.mp3,e0617-b.mp3,1,user,Matthew.png,right,left,take|care|of
e0618,va0309,take care of,You should take care of yourself when you're sick.,,体調悪い時は自分を大事にしないとね。,,Matthew,,1,Matthew,,___________,,You should take care of yourself when you're sick.,You|should|take|care|of|yourself|when|you're|sick.,e0618-a.mp3,,1,Matthew.png,,left,none,take|care|of
e0619,va0310,carry,Can you help me carry these boxes?,"Sure, where do they go?",この箱運ぶの手伝ってくれる？,うん、どこに置けばいい？,Ivy,Kevin,1,Ivy,Kevin,___________,"Sure, where do they go?",Can you help me carry these boxes?,Can|you|help|me|carry|these|boxes?,e0619-a.mp3,e0619-b.mp3,1,user,Kevin.png,right,left,carry
e0620,va0310,carry,"I always carry an umbrella in my bag, just in case.",,念のため、いつもバッグに傘を入れてるんだ。,,Ivy,,1,Ivy,,___________,,"I always carry an umbrella in my bag, just in case.","I|always|carry|an|umbrella|in|my|bag,|just|in|case.",e0620-a.mp3,,1,user,,right,none,carry
e0621,va0311,hope,I hope we win the tournament this weekend.,"Me too, we've worked so hard!",今週末のトーナメント勝てるといいな。,私も、すごく頑張ってきたもんね！,Ivy,Kevin,1,Ivy,Kevin,___________,"Me too, we've worked so hard!",I hope we win the tournament this weekend.,I|hope|we|win|the|tournament|this|weekend.,e0621-a.mp3,e0621-b.mp3,1,user,Kevin.png,right,left,hope
e0622,va0311,hope,I'm hoping to get better grades this semester.,,今学期はもっといい成績を取りたいと思ってるんだ。,,Ivy,,1,Ivy,,___________,,I'm hoping to get better grades this semester.,I'm|hoping|to|get|better|grades|this|semester.,e0622-a.mp3,,1,user,,right,none,hoping
e0623,va0312,put away,Can you put your shoes away?,"Oops, sorry, I'll do it now.",靴片付けてくれる？,あ、ごめん、今やるね。,Ruth,Ivy,1,Ruth,Ivy,___________,"Oops, sorry, I'll do it now.",Can you put your shoes away?,Can|you|put|your|shoes|away?,e0623-a.mp3,e0623-b.mp3,1,05.png,user,left,right,put|away?
e0624,va0312,put away,I put away all my winter clothes already.,,冬服はもう全部しまっちゃったよ。,,Ivy,,1,Ivy,,___________,,I put away all my winter clothes already.,I|put|away|all|my|winter|clothes|already.,e0624-a.mp3,,1,user,,right,none,put|away
e0625,va0313,sleepy,You look so sleepy.,"Yeah, I stayed up too late studying.",すごく眠そうだね。,うん、勉強で夜更かししすぎたんだ。,Kevin,Ivy,1,Kevin,Ivy,___________,"Yeah, I stayed up too late studying.",You look so sleepy.,You|look|so|sleepy.,e0625-a.mp3,e0625-b.mp3,1,Kevin.png,user,left,right,sleepy.
e0626,va0313,sleepy,This class always makes me sleepy after lunch.,,この授業はお昼の後いつも眠くなっちゃうんだ。,,Ivy,,1,Ivy,,___________,,This class always makes me sleepy after lunch.,This|class|always|makes|me|sleepy|after|lunch.,e0626-a.mp3,,1,user,,right,none,sleepy
e0627,va0314,plan,What's your plan for the weekend?,Probably just relaxing at home.,週末の予定は？,たぶん家でゆっくりするだけかな。,Ivy,Kevin,1,Ivy,Kevin,___________,Probably just relaxing at home.,What's your plan for the weekend?,What's|your|plan|for|the|weekend?,e0627-a.mp3,e0627-b.mp3,1,user,Kevin.png,right,left,plan
e0628,va0314,plan,We're planning to visit the aquarium next month.,,来月水族館に行く予定なんだ。,,Ivy,,1,Ivy,,___________,,We're planning to visit the aquarium next month.,We're|planning|to|visit|the|aquarium|next|month.,e0628-a.mp3,,1,user,,right,none,planning
e0629,va0315,second,"Wait a second, I forgot my bag.","Okay, I'll wait here.",ちょっと待って、バッグ忘れた。,わかった、ここで待ってるね。,Ivy,Kevin,1,Ivy,Kevin,___________,"Okay, I'll wait here.","Wait a second, I forgot my bag.","Wait|a|second,|I|forgot|my|bag.",e0629-a.mp3,e0629-b.mp3,1,user,Kevin.png,right,left,"second,"
e0630,va0315,second,This is the second time I've lost my key this week.,,今週これで2回目、鍵なくしちゃったんだ。,,Ivy,,1,Ivy,,___________,,This is the second time I've lost my key this week.,This|is|the|second|time|I've|lost|my|key|this|week.,e0630-a.mp3,,1,user,,right,none,second
e0631,va0316,friendly,Your new classmate seems really friendly.,"Yeah, she talked to everyone on the first day!",新しいクラスメート、すごく親しみやすそうだね。,うん、初日からみんなに話しかけてたよ！,Ivy,Kevin,1,Ivy,Kevin,___________,"Yeah, she talked to everyone on the first day!",Your new classmate seems really friendly.,Your|new|classmate|seems|really|friendly.,e0631-a.mp3,e0631-b.mp3,1,user,Kevin.png,right,left,friendly.
e0632,va0316,friendly,The staff at that shop are always so friendly.,,あのお店のスタッフはいつもすごく親切なんだ。,,Ivy,,1,Ivy,,___________,,The staff at that shop are always so friendly.,The|staff|at|that|shop|are|always|so|friendly.,e0632-a.mp3,,1,user,,right,none,friendly.
e0633,va0317,near,Is your house near the station?,"Yeah, just a five-minute walk.",君の家は駅の近く？,うん、歩いて5分だよ。,Ivy,Kevin,1,Ivy,Kevin,___________,"Yeah, just a five-minute walk.",Is your house near the station?,Is|your|house|near|the|station?,e0633-a.mp3,e0633-b.mp3,1,user,Kevin.png,right,left,near
e0634,va0317,near,"Winter break is getting near, I can't wait.",,冬休みが近づいてきた、待ちきれないよ。,,Ivy,,1,Ivy,,___________,,"Winter break is getting near, I can't wait.","Winter|break|is|getting|near,|I|can't|wait.",e0634-a.mp3,,1,user,,right,none,"near,"
e0635,va0318,never,Have you ever eaten natto?,"Never, I'm too scared to try it!",納豆食べたことある？,一度もないよ、怖くて試せない！,Ivy,Kevin,2,Ivy,Kevin,Have you ever eaten natto?,___________,"Never, I'm too scared to try it!","Never,|I'm|too|scared|to|try|it!",e0635-a.mp3,e0635-b.mp3,1,user,Kevin.png,right,left,"Never,"
e0636,va0318,never,I'll never forget this trip.,,この旅行のこと、絶対忘れないよ。,,Ivy,,1,Ivy,,___________,,I'll never forget this trip.,I'll|never|forget|this|trip.,e0636-a.mp3,,1,user,,right,none,never
e0637,va0319,angry,Are you still angry about yesterday?,"No, I got over it already.",昨日のことまだ怒ってる？,ううん、もう気にしてないよ。,Kevin,Ivy,1,Kevin,Ivy,___________,"No, I got over it already.",Are you still angry about yesterday?,Are|you|still|angry|about|yesterday?,e0637-a.mp3,e0637-b.mp3,1,Kevin.png,user,left,right,angry
e0638,va0319,angry,He got angry when his brother broke his game controller.,,弟にゲームコントローラー壊されて、彼は怒っちゃったんだ。,,Ivy,,1,Ivy,,___________,,He got angry when his brother broke his game controller.,He|got|angry|when|his|brother|broke|his|game|controller.,e0638-a.mp3,,1,user,,right,none,angry
e0639,va0320,outside,Do you want to eat lunch outside today?,"Sure, it's such nice weather!",今日外でお昼食べない？,いいね、こんなにいい天気だし！,Ivy,Kevin,1,Ivy,Kevin,___________,"Sure, it's such nice weather!",Do you want to eat lunch outside today?,Do|you|want|to|eat|lunch|outside|today?,e0639-a.mp3,e0639-b.mp3,1,user,Kevin.png,right,left,outside
e0640,va0320,outside,"It's freezing outside, wear a coat.",,外はすごく寒いから、コート着てね。,,Matthew,,1,Matthew,,___________,,"It's freezing outside, wear a coat.","It's|freezing|outside,|wear|a|coat.",e0640-a.mp3,,1,Matthew.png,,left,none,"outside,"
e0641,va0321,teach,Can you teach me how to solve this problem?,"Sure, it's actually pretty simple.",この問題の解き方教えてくれる？,うん、実はすごく簡単だよ。,Ivy,Kevin,1,Ivy,Kevin,___________,"Sure, it's actually pretty simple.",Can you teach me how to solve this problem?,Can|you|teach|me|how|to|solve|this|problem?,e0641-a.mp3,e0641-b.mp3,1,user,Kevin.png,right,left,teach
e0642,va0321,teach,My grandpa taught me how to fish.,,おじいちゃんが釣りの仕方教えてくれたんだ。,,Ivy,,1,Ivy,,___________,,My grandpa taught me how to fish.,My|grandpa|taught|me|how|to|fish.,e0642-a.mp3,,1,user,,right,none,taught
e0643,va0322,leave,What time does the bus leave?,In about five minutes!,バスは何時に出発するの？,あと5分くらいで！,Ivy,Kevin,1,Ivy,Kevin,___________,In about five minutes!,What time does the bus leave?,What|time|does|the|bus|leave?,e0643-a.mp3,e0643-b.mp3,1,user,Kevin.png,right,left,leave?
e0644,va0322,leave,"I left my jacket at your house, sorry.",,君の家にジャケット忘れちゃった、ごめん。,,Ivy,,1,Ivy,,___________,,"I left my jacket at your house, sorry.","I|left|my|jacket|at|your|house,|sorry.",e0644-a.mp3,,1,user,,right,none,left
e0645,va0323,stay,Can you stay a little longer?,"Sure, I don't have to be home yet.",もう少しいられる？,うん、まだ家に帰らなくても大丈夫。,Ivy,Kevin,1,Ivy,Kevin,___________,"Sure, I don't have to be home yet.",Can you stay a little longer?,Can|you|stay|a|little|longer?,e0645-a.mp3,e0645-b.mp3,1,user,Kevin.png,right,left,stay
e0646,va0323,stay,We're staying at my aunt's place for the holidays.,,休暇中はおばさんの家に泊まる予定なんだ。,,Ivy,,1,Ivy,,___________,,We're staying at my aunt's place for the holidays.,We're|staying|at|my|aunt's|place|for|the|holidays.,e0646-a.mp3,,1,user,,right,none,staying
e0647,va0324,be proud of,I'm so proud of you for finishing the marathon!,"Thanks, it was really hard!",マラソン完走してすごく誇らしいよ！,ありがとう、本当に大変だった！,Ivy,Kevin,1,Ivy,Kevin,___________,"Thanks, it was really hard!",I'm so proud of you for finishing the marathon!,I'm|so|proud|of|you|for|finishing|the|marathon!,e0647-a.mp3,e0647-b.mp3,1,user,Kevin.png,right,left,proud|of
e0648,va0324,be proud of,My parents are proud of my grades this semester.,,今学期の成績を両親は誇りに思ってくれてるんだ。,,Ivy,,1,Ivy,,___________,,My parents are proud of my grades this semester.,My|parents|are|proud|of|my|grades|this|semester.,e0648-a.mp3,,1,user,,right,none,proud|of
e0649,va0325,side,Which side of the room do you want to sit on?,"The one near the window, please!",部屋のどっち側に座りたい？,窓側がいいな！,Ivy,Kevin,1,Ivy,Kevin,___________,"The one near the window, please!",Which side of the room do you want to sit on?,Which|side|of|the|room|do|you|want|to|sit|on?,e0649-a.mp3,e0649-b.mp3,1,user,Kevin.png,right,left,side
e0650,va0325,side,There's a small scratch on the side of my phone.,,スマホの側面に小さい傷があるんだ。,,Ivy,,1,Ivy,,___________,,There's a small scratch on the side of my phone.,There's|a|small|scratch|on|the|side|of|my|phone.,e0650-a.mp3,,1,user,,right,none,side
e0651,va0326,future,What do you want to do in the future?,Maybe become an animator!,将来何をしたい？,アニメーターになりたいかも！,Ivy,Kevin,1,Ivy,Kevin,___________,Maybe become an animator!,What do you want to do in the future?,What|do|you|want|to|do|in|the|future?,e0651-a.mp3,e0651-b.mp3,1,user,Kevin.png,right,left,future?
e0652,va0326,future,"In the future, robots might do all our chores.",,将来、ロボットが家事全部やってくれるかもね。,,Ivy,,1,Ivy,,___________,,"In the future, robots might do all our chores.","In|the|future,|robots|might|do|all|our|chores.",e0652-a.mp3,,1,user,,right,none,"future,"
e0653,va0327,speak,Can you speak a little slower?,"Sorry, I'll try to slow down.",もう少しゆっくり話してくれる？,ごめん、ゆっくり話すようにするね。,Ivy,Kevin,1,Ivy,Kevin,___________,"Sorry, I'll try to slow down.",Can you speak a little slower?,Can|you|speak|a|little|slower?,e0653-a.mp3,e0653-b.mp3,1,user,Kevin.png,right,left,speak
e0654,va0327,speak,She speaks three languages fluently.,,彼女は3か国語を流暢に話すんだ。,,Ivy,,1,Ivy,,___________,,She speaks three languages fluently.,She|speaks|three|languages|fluently.,e0654-a.mp3,,1,user,,right,none,speaks
e0655,va0328,check,Can you check my homework for mistakes?,"Sure, hand it over.",私の宿題、間違いないかチェックしてくれる？,うん、見せて。,Ivy,Kevin,1,Ivy,Kevin,___________,"Sure, hand it over.",Can you check my homework for mistakes?,Can|you|check|my|homework|for|mistakes?,e0655-a.mp3,e0655-b.mp3,1,user,Kevin.png,right,left,check
e0656,va0328,check,I should check the weather before we leave.,,出発する前に天気を確認したほうがいいね。,,Ivy,,1,Ivy,,___________,,I should check the weather before we leave.,I|should|check|the|weather|before|we|leave.,e0656-a.mp3,,1,user,,right,none,check
e0657,va0329,fall,"Be careful, don't fall on the ice!","I'll go slow, thanks.",気をつけて、氷で転ばないようにね！,ゆっくり歩くよ、ありがとう。,Kevin,Ivy,1,Kevin,Ivy,___________,"I'll go slow, thanks.","Be careful, don't fall on the ice!","Be|careful,|don't|fall|on|the|ice!",e0657-a.mp3,e0657-b.mp3,1,Kevin.png,user,left,right,fall
e0658,va0329,fall,I fell asleep during the movie last night.,,昨日の夜、映画の途中で眠っちゃったんだ。,,Ivy,,1,Ivy,,___________,,I fell asleep during the movie last night.,I|fell|asleep|during|the|movie|last|night.,e0658-a.mp3,,1,user,,right,none,fell
e0659,va0330,enough,Is this enough rice for everyone?,"Should be, let's see.",このご飯の量、みんなに十分かな？,足りると思うよ、見てみようか。,Ivy,Matthew,1,Ivy,Matthew,___________,"Should be, let's see.",Is this enough rice for everyone?,Is|this|enough|rice|for|everyone?,e0659-a.mp3,e0659-b.mp3,1,user,Matthew.png,right,left,enough
e0660,va0330,enough,I don't think I studied enough for tomorrow's test.,,明日のテスト、あんまり十分に勉強できてない気がする。,,Ivy,,1,Ivy,,___________,,I don't think I studied enough for tomorrow's test.,I|don't|think|I|studied|enough|for|tomorrow's|test.,e0660-a.mp3,,1,user,,right,none,enough
e0661,va0331,rest,"You should rest, you look really tired.","Yeah, I think I will.",休んだほうがいいよ、すごく疲れてそうだし。,うん、そうしようかな。,Kevin,Ivy,1,Kevin,Ivy,___________,"Yeah, I think I will.","You should rest, you look really tired.","You|should|rest,|you|look|really|tired.",e0661-a.mp3,e0661-b.mp3,1,Kevin.png,user,left,right,"rest,"
e0662,va0331,rest,We rested for a bit before climbing the rest of the trail.,,残りの道を登る前に、少し休憩したんだ。,,Ivy,,1,Ivy,,___________,,We rested for a bit before climbing the rest of the trail.,We|rested|for|a|bit|before|climbing|the|rest|of|the|trail.,e0662-a.mp3,,1,user,,right,none,rested
e0663,va0332,different,This tastes different from usual.,Really? I didn't change the recipe.,これいつもと味が違うね。,本当？レシピ変えてないんだけど。,Ivy,Kevin,1,Ivy,Kevin,___________,Really? I didn't change the recipe.,This tastes different from usual.,This|tastes|different|from|usual.,e0663-a.mp3,e0663-b.mp3,1,user,Kevin.png,right,left,different
e0664,va0332,different,Everyone has a different opinion about the movie.,,あの映画についてみんな違う意見を持ってるね。,,Ivy,,1,Ivy,,___________,,Everyone has a different opinion about the movie.,Everyone|has|a|different|opinion|about|the|movie.,e0664-a.mp3,,1,user,,right,none,different
e0665,va0333,quiet,Can you be quiet? The baby's sleeping.,"Oops, sorry!",静かにしてくれる？赤ちゃんが寝てるの。,あ、ごめん！,Matthew,Ivy,1,Matthew,Ivy,___________,"Oops, sorry!",Can you be quiet? The baby's sleeping.,Can|you|be|quiet?|The|baby's|sleeping.,e0665-a.mp3,e0665-b.mp3,1,Matthew.png,user,left,right,quiet?
e0666,va0333,quiet,"The library was so quiet, I could hear my own heartbeat.",,図書館があまりに静かで、自分の心臓の音が聞こえるくらいだったよ。,,Ivy,,1,Ivy,,___________,,"The library was so quiet, I could hear my own heartbeat.","The|library|was|so|quiet,|I|could|hear|my|own|heartbeat.",e0666-a.mp3,,1,user,,right,none,"quiet,"
e0667,va0334,both,Do you want tea or coffee?,"Can I have both, actually?",紅茶とコーヒーどっちがいい？,実は両方もらってもいい？,Ivy,Kevin,2,Ivy,Kevin,Do you want tea or coffee?,___________,"Can I have both, actually?","Can|I|have|both,|actually?",e0667-a.mp3,e0667-b.mp3,1,user,Kevin.png,right,left,"both,"
e0668,va0334,both,Both of my parents work on weekdays.,,私の両親は二人とも平日は働いてるんだ。,,Ivy,,1,Ivy,,___________,,Both of my parents work on weekdays.,Both|of|my|parents|work|on|weekdays.,e0668-a.mp3,,1,user,,right,none,Both
e0669,va0335,real,Is this diamond real?,"No, it's fake, but it looks nice!",このダイヤモンド本物？,ううん、偽物だけど見た目はいいでしょ！,Ivy,Kevin,1,Ivy,Kevin,___________,"No, it's fake, but it looks nice!",Is this diamond real?,Is|this|diamond|real?,e0669-a.mp3,e0669-b.mp3,1,user,Kevin.png,right,left,real?
e0670,va0335,real,I couldn't believe it was real until I saw it myself.,,自分の目で見るまで本物だなんて信じられなかったよ。,,Ivy,,1,Ivy,,___________,,I couldn't believe it was real until I saw it myself.,I|couldn't|believe|it|was|real|until|I|saw|it|myself.,e0670-a.mp3,,1,user,,right,none,real
e0671,va0336,stick,Can you find a stick for the campfire?,"Sure, I'll go look around.",キャンプファイヤー用の棒見つけてくれる？,うん、探しに行ってくるね。,Ivy,Kevin,1,Ivy,Kevin,___________,"Sure, I'll go look around.",Can you find a stick for the campfire?,Can|you|find|a|stick|for|the|campfire?,e0671-a.mp3,e0671-b.mp3,1,user,Kevin.png,right,left,stick
e0672,va0336,stick,This gum stuck to the bottom of my shoe.,,このガム、靴の裏にくっついちゃったよ。,,Ivy,,1,Ivy,,___________,,This gum stuck to the bottom of my shoe.,This|gum|stuck|to|the|bottom|of|my|shoe.,e0672-a.mp3,,1,user,,right,none,stuck
e0673,va0337,get into,How did you get into painting?,My art teacher inspired me in fourth grade.,どうやって絵を描くのにハマったの？,小4の時の美術の先生に影響されたんだ。,Ivy,Kevin,1,Ivy,Kevin,___________,My art teacher inspired me in fourth grade.,How did you get into painting?,How|did|you|get|into|painting?,e0673-a.mp3,e0673-b.mp3,1,user,Kevin.png,right,left,get|into
e0674,va0337,get into,I've recently gotten into collecting stickers.,,最近シール集めにハマってるんだ。,,Ivy,,1,Ivy,,___________,,I've recently gotten into collecting stickers.,I've|recently|gotten|into|collecting|stickers.,e0674-a.mp3,,1,user,,right,none,gotten|into
e0675,va0338,be born,Where were you born?,"In Fukuoka, actually!",どこで生まれたの？,実は福岡なんだ！,Kevin,Ivy,1,Kevin,Ivy,___________,"In Fukuoka, actually!",Where were you born?,Where|were|you|born?,e0675-a.mp3,e0675-b.mp3,1,Kevin.png,user,left,right,born?
e0676,va0338,be born,My little cousin was born just last week.,,私のいとこの赤ちゃん、先週生まれたばかりなんだ。,,Ivy,,1,Ivy,,___________,,My little cousin was born just last week.,My|little|cousin|was|born|just|last|week.,e0676-a.mp3,,1,user,,right,none,born
e0677,va0339,emoticon,You always use so many emoticons.,"Haha, I can't help it, I love them!",君いつも顔文字たくさん使うよね。,はは、やめられないんだよね、大好きなの！,Ivy,Kevin,1,Ivy,Kevin,___________,"Haha, I can't help it, I love them!",You always use so many emoticons.,You|always|use|so|many|emoticons.,e0677-a.mp3,e0677-b.mp3,1,user,Kevin.png,right,left,emoticons.
e0678,va0339,emoticon,That emoticon perfectly matches how I feel right now.,,その顔文字、今の私の気持ちにぴったりだよ。,,Ivy,,1,Ivy,,___________,,That emoticon perfectly matches how I feel right now.,That|emoticon|perfectly|matches|how|I|feel|right|now.,e0678-a.mp3,,1,user,,right,none,emoticon
e0679,va0340,stop doing,Can you stop tapping your pencil? It's distracting.,"Oh sorry, I didn't notice.",鉛筆でトントンするのやめてくれる？気が散るんだ。,あ、ごめん、気づかなかった。,Ruth,Ivy,1,Ruth,Ivy,___________,"Oh sorry, I didn't notice.",Can you stop tapping your pencil? It's distracting.,Can|you|stop|tapping|your|pencil?|It's|distracting.,e0679-a.mp3,e0679-b.mp3,1,05.png,user,left,right,stop
e0680,va0340,stop doing,I finally stopped biting my nails this year.,,今年やっと爪を噛むのをやめられたんだ。,,Ivy,,1,Ivy,,___________,,I finally stopped biting my nails this year.,I|finally|stopped|biting|my|nails|this|year.,e0680-a.mp3,,1,user,,right,none,stopped
e0681,va0341,few,Do you have a few minutes to talk?,"Sure, what's up?",ちょっと話す時間ある？,うん、どうしたの？,Ivy,Kevin,1,Ivy,Kevin,___________,"Sure, what's up?",Do you have a few minutes to talk?,Do|you|have|a|few|minutes|to|talk?,e0681-a.mp3,e0681-b.mp3,1,user,Kevin.png,right,left,few
e0682,va0341,few,Only a few people showed up to the meeting.,,ミーティングにはほんの少しの人しか来なかったよ。,,Ivy,,1,Ivy,,___________,,Only a few people showed up to the meeting.,Only|a|few|people|showed|up|to|the|meeting.,e0682-a.mp3,,1,user,,right,none,few
e0683,va0342,borrow,Can I borrow your eraser?,"Sure, here you go.",消しゴム貸してくれる？,うん、はいどうぞ。,Ivy,Kevin,1,Ivy,Kevin,___________,"Sure, here you go.",Can I borrow your eraser?,Can|I|borrow|your|eraser?,e0683-a.mp3,e0683-b.mp3,1,user,Kevin.png,right,left,borrow
e0684,va0342,borrow,I borrowed this book from the library last week.,,先週この本を図書館で借りたんだ。,,Ivy,,1,Ivy,,___________,,I borrowed this book from the library last week.,I|borrowed|this|book|from|the|library|last|week.,e0684-a.mp3,,1,user,,right,none,borrowed
e0685,va0343,kid,Were you a shy kid?,"Actually, pretty outgoing, believe it or not!",子供の頃、恥ずかしがり屋だった？,実は信じられないかもだけど、結構社交的だったよ！,Kevin,Ivy,1,Kevin,Ivy,___________,"Actually, pretty outgoing, believe it or not!",Were you a shy kid?,Were|you|a|shy|kid?,e0685-a.mp3,e0685-b.mp3,1,Kevin.png,user,left,right,kid?
e0686,va0343,kid,There are so many kids at the park today.,,今日は公園に子供がたくさんいるね。,,Ivy,,1,Ivy,,___________,,There are so many kids at the park today.,There|are|so|many|kids|at|the|park|today.,e0686-a.mp3,,1,user,,right,none,kids
e0687,va0344,language,What language do you want to learn next?,"Maybe Spanish, it sounds fun!",次にどの言語を学びたい？,スペイン語かな、楽しそうだし！,Ivy,Kevin,1,Ivy,Kevin,___________,"Maybe Spanish, it sounds fun!",What language do you want to learn next?,What|language|do|you|want|to|learn|next?,e0687-a.mp3,e0687-b.mp3,1,user,Kevin.png,right,left,language
e0688,va0344,language,She's learning a new language every year.,,彼女は毎年新しい言語を学んでるんだ。,,Ivy,,1,Ivy,,___________,,She's learning a new language every year.,She's|learning|a|new|language|every|year.,e0688-a.mp3,,1,user,,right,none,language
e0689,va0345,guess,Guess what happened at school today!,"No idea, tell me!",今日学校で何があったか当ててみて！,わかんない、教えて！,Ivy,Kevin,1,Ivy,Kevin,___________,"No idea, tell me!",Guess what happened at school today!,Guess|what|happened|at|school|today!,e0689-a.mp3,e0689-b.mp3,1,user,Kevin.png,right,left,Guess
e0690,va0345,guess,I guessed the answer and got it right by luck.,,答えを当てずっぽうで言ったら、運よく合ってたよ。,,Ivy,,1,Ivy,,___________,,I guessed the answer and got it right by luck.,I|guessed|the|answer|and|got|it|right|by|luck.,e0690-a.mp3,,1,user,,right,none,guessed
e0691,va0346,sound,That sounds like a great idea!,Right? Let's do it!,それいいアイデアっぽいね！,でしょ？やろうよ！,Ivy,Kevin,1,Ivy,Kevin,___________,Right? Let's do it!,That sounds like a great idea!,That|sounds|like|a|great|idea!,e0691-a.mp3,e0691-b.mp3,1,user,Kevin.png,right,left,sounds
e0692,va0346,sound,"This song sounds really familiar, doesn't it?",,この曲、なんか聞き覚えあるよね？,,Ivy,,1,Ivy,,___________,,"This song sounds really familiar, doesn't it?","This|song|sounds|really|familiar,|doesn't|it?",e0692-a.mp3,,1,user,,right,none,sounds
e0693,va0347,absolutely,Do you want to come to the festival?,"Absolutely, I wouldn't miss it!",お祭り来たい？,絶対行きたい、見逃せないもん！,Kevin,Ivy,2,Kevin,Ivy,Do you want to come to the festival?,___________,"Absolutely, I wouldn't miss it!","Absolutely,|I|wouldn't|miss|it!",e0693-a.mp3,e0693-b.mp3,1,Kevin.png,user,left,right,"Absolutely,"
e0694,va0347,absolutely,That movie was absolutely amazing.,,あの映画は本当に最高だったよ。,,Ivy,,1,Ivy,,___________,,That movie was absolutely amazing.,That|movie|was|absolutely|amazing.,e0694-a.mp3,,1,user,,right,none,absolutely
e0695,va0348,often,How often do you go to the gym?,Maybe twice a week.,どれくらいの頻度でジム行くの？,週に2回くらいかな。,Ivy,Kevin,1,Ivy,Kevin,___________,Maybe twice a week.,How often do you go to the gym?,How|often|do|you|go|to|the|gym?,e0695-a.mp3,e0695-b.mp3,1,user,Kevin.png,right,left,often
e0696,va0348,often,We don't often get snow around here.,,この辺りはあまり雪が降らないんだ。,,Ivy,,1,Ivy,,___________,,We don't often get snow around here.,We|don't|often|get|snow|around|here.,e0696-a.mp3,,1,user,,right,none,often
e0697,va0349,feed,Can you feed the fish while I'm away?,"Sure, how much food?",私が留守の間、魚に餌あげてくれる？,うん、どれくらいの量？,Ivy,Matthew,1,Ivy,Matthew,___________,"Sure, how much food?",Can you feed the fish while I'm away?,Can|you|feed|the|fish|while|I'm|away?,e0697-a.mp3,e0697-b.mp3,1,user,Matthew.png,right,left,feed
e0698,va0349,feed,I fed my dog before school this morning.,,今朝学校の前に犬に餌をあげたよ。,,Ivy,,1,Ivy,,___________,,I fed my dog before school this morning.,I|fed|my|dog|before|school|this|morning.,e0698-a.mp3,,1,user,,right,none,fed
e0699,va0350,talk,Can we talk for a minute?,"Sure, what's on your mind?",ちょっと話せる？,うん、何かあったの？,Ivy,Kevin,1,Ivy,Kevin,___________,"Sure, what's on your mind?",Can we talk for a minute?,Can|we|talk|for|a|minute?,e0699-a.mp3,e0699-b.mp3,1,user,Kevin.png,right,left,talk
e0700,va0350,talk,We talked on the phone for two hours last night.,,昨日の夜、電話で2時間話したんだ。,,Ivy,,1,Ivy,,___________,,We talked on the phone for two hours last night.,We|talked|on|the|phone|for|two|hours|last|night.,e0700-a.mp3,,1,user,,right,none,talked
e0701,va0351,turn,Whose turn is it to clean the classroom?,"Mine, I think.",教室掃除、誰の番だっけ？,私の番だと思う。,Kevin,Ivy,1,Kevin,Ivy,___________,"Mine, I think.",Whose turn is it to clean the classroom?,Whose|turn|is|it|to|clean|the|classroom?,e0701-a.mp3,e0701-b.mp3,1,Kevin.png,user,left,right,turn
e0702,va0351,turn,Turn left at the next corner.,,次の角を左に曲がってね。,,Ivy,,1,Ivy,,___________,,Turn left at the next corner.,Turn|left|at|the|next|corner.,e0702-a.mp3,,1,user,,right,none,Turn
e0703,va0352,quickly,Can you get ready quickly? We're late!,Give me two minutes!,早く準備してくれる？遅刻しちゃう！,2分ちょうだい！,Matthew,Ivy,1,Matthew,Ivy,___________,Give me two minutes!,Can you get ready quickly? We're late!,Can|you|get|ready|quickly?|We're|late!,e0703-a.mp3,e0703-b.mp3,1,Matthew.png,user,left,right,quickly?
e0704,va0352,quickly,She quickly finished her homework so she could watch TV.,,彼女はテレビを見たくて宿題をさっさと終わらせたんだ。,,Ivy,,1,Ivy,,___________,,She quickly finished her homework so she could watch TV.,She|quickly|finished|her|homework|so|she|could|watch|TV.,e0704-a.mp3,,1,user,,right,none,quickly
e0705,va0353,wear,What are you going to wear to the party?,Probably just jeans and a nice shirt.,パーティーに何着ていくの？,たぶんジーンズと良い感じのシャツかな。,Ivy,Kevin,1,Ivy,Kevin,___________,Probably just jeans and a nice shirt.,What are you going to wear to the party?,What|are|you|going|to|wear|to|the|party?,e0705-a.mp3,e0705-b.mp3,1,user,Kevin.png,right,left,wear
e0706,va0353,wear,You should wear a helmet when you ride your bike.,,自転車乗るときはヘルメットかぶったほうがいいよ。,,Matthew,,1,Matthew,,___________,,You should wear a helmet when you ride your bike.,You|should|wear|a|helmet|when|you|ride|your|bike.,e0706-a.mp3,,1,Matthew.png,,left,none,wear
e0707,va0354,bright,This room is so bright.,"Yeah, the sun comes right in.",この部屋すごく明るいね。,うん、日差しがまっすぐ入るんだ。,Ivy,Kevin,1,Ivy,Kevin,___________,"Yeah, the sun comes right in.",This room is so bright.,This|room|is|so|bright.,e0707-a.mp3,e0707-b.mp3,1,user,Kevin.png,right,left,bright.
e0708,va0354,bright,"She's a really bright student, always asking great questions.",,彼女は本当に賢い生徒で、いつも鋭い質問をするんだ。,,Ruth,,1,Ruth,,___________,,"She's a really bright student, always asking great questions.","She's|a|really|bright|student,|always|asking|great|questions.",e0708-a.mp3,,1,05.png,,left,none,bright
e0709,va0355,taste,Can I taste your soup?,"Sure, tell me if it needs more salt!",スープ味見してもいい？,うん、塩もっと必要か教えて！,Ivy,Matthew,1,Ivy,Matthew,___________,"Sure, tell me if it needs more salt!",Can I taste your soup?,Can|I|taste|your|soup?,e0709-a.mp3,e0709-b.mp3,1,user,Matthew.png,right,left,taste
e0710,va0355,taste,This candy has a really weird taste.,,このお菓子、すごく変な味がするんだ。,,Ivy,,1,Ivy,,___________,,This candy has a really weird taste.,This|candy|has|a|really|weird|taste.,e0710-a.mp3,,1,user,,right,none,taste.
e0711,va0356,awesome,That trick you did was awesome!,"Thanks, I've been practicing for weeks!",あの技すごかったね！,ありがとう、何週間も練習してたんだ！,Ivy,Kevin,1,Ivy,Kevin,___________,"Thanks, I've been practicing for weeks!",That trick you did was awesome!,That|trick|you|did|was|awesome!,e0711-a.mp3,e0711-b.mp3,1,user,Kevin.png,right,left,awesome!
e0712,va0356,awesome,We had an awesome time at the amusement park.,,遊園地で最高の時間を過ごしたよ。,,Ivy,,1,Ivy,,___________,,We had an awesome time at the amusement park.,We|had|an|awesome|time|at|the|amusement|park.,e0712-a.mp3,,1,user,,right,none,awesome
e0713,va0357,pass,Can you pass me the remote?,"Sure, here you go.",リモコン取ってくれる？,うん、はいどうぞ。,Ivy,Kevin,1,Ivy,Kevin,___________,"Sure, here you go.",Can you pass me the remote?,Can|you|pass|me|the|remote?,e0713-a.mp3,e0713-b.mp3,1,user,Kevin.png,right,left,pass
e0714,va0357,pass,"I studied so hard, I really hope I pass this exam.",,すごく頑張って勉強したから、この試験本当に受かりたいな。,,Ivy,,1,Ivy,,___________,,"I studied so hard, I really hope I pass this exam.","I|studied|so|hard,|I|really|hope|I|pass|this|exam.",e0714-a.mp3,,1,user,,right,none,pass
e0715,va0358,others,"Some kids like soccer, others prefer basketball.",,サッカーが好きな子もいれば、バスケが好きな子もいるよね。,,Ivy,,1,Ivy,,___________,,"Some kids like soccer, others prefer basketball.","Some|kids|like|soccer,|others|prefer|basketball.",e0715-a.mp3,,1,user,,right,none,others
e0716,va0358,others,You should think about others' feelings too.,,他の人の気持ちも考えたほうがいいよ。,,Ivy,,1,Ivy,,___________,,You should think about others' feelings too.,You|should|think|about|others'|feelings|too.,e0716-a.mp3,,1,user,,right,none,others'
e0717,va0359,much,How much homework do you have tonight?,"Way too much, honestly.",今夜宿題どれくらいある？,正直、めちゃくちゃ多いよ。,Ivy,Kevin,1,Ivy,Kevin,___________,"Way too much, honestly.",How much homework do you have tonight?,How|much|homework|do|you|have|tonight?,e0717-a.mp3,e0717-b.mp3,1,user,Kevin.png,right,left,much
e0718,va0359,much,I don't have much time before practice starts.,,練習が始まるまであんまり時間がないんだ。,,Ivy,,1,Ivy,,___________,,I don't have much time before practice starts.,I|don't|have|much|time|before|practice|starts.,e0718-a.mp3,,1,user,,right,none,much
e0719,va0360,this place,I really like this place.,"Me too, the food is amazing here.",この場所すごく好きだな。,私も、ここのご飯最高だよね。,Ivy,Kevin,1,Ivy,Kevin,___________,"Me too, the food is amazing here.",I really like this place.,I|really|like|this|place.,e0719-a.mp3,e0719-b.mp3,1,user,Kevin.png,right,left,this|place.
e0720,va0360,this place,This place gets really crowded on weekends.,,ここは週末すごく混むんだ。,,Ivy,,1,Ivy,,___________,,This place gets really crowded on weekends.,This|place|gets|really|crowded|on|weekends.,e0720-a.mp3,,1,user,,right,none,This|place
e0721,va0361,town,There's a new bakery in town.,Really? We should check it out!,町に新しいパン屋ができたよ。,本当？行ってみようよ！,Ivy,Kevin,1,Ivy,Kevin,___________,Really? We should check it out!,There's a new bakery in town.,There's|a|new|bakery|in|town.,e0721-a.mp3,e0721-b.mp3,1,user,Kevin.png,right,left,town.
e0722,va0361,town,I grew up in a small town near the mountains.,,私は山の近くの小さな町で育ったんだ。,,Ivy,,1,Ivy,,___________,,I grew up in a small town near the mountains.,I|grew|up|in|a|small|town|near|the|mountains.,e0722-a.mp3,,1,user,,right,none,town
e0723,va0362,build,Can you help me build this model kit?,"Sure, I love building stuff!",このプラモデル作るの手伝ってくれる？,うん、物作るの大好きなんだ！,Ivy,Kevin,1,Ivy,Kevin,___________,"Sure, I love building stuff!",Can you help me build this model kit?,Can|you|help|me|build|this|model|kit?,e0723-a.mp3,e0723-b.mp3,1,user,Kevin.png,right,left,build
e0724,va0362,build,They're building a new shopping mall near the station.,,駅の近くに新しいショッピングモールを建てているんだ。,,Kevin,,1,Kevin,,___________,,They're building a new shopping mall near the station.,They're|building|a|new|shopping|mall|near|the|station.,e0724-a.mp3,,1,Kevin.png,,left,none,building
e0725,va0363,late,"Sorry I'm late, the train was delayed.","No worries, it happens!",遅れてごめん、電車が遅延してたんだ。,気にしないで、よくあることだよ！,Ivy,Matthew,1,Ivy,Matthew,___________,"No worries, it happens!","Sorry I'm late, the train was delayed.","Sorry|I'm|late,|the|train|was|delayed.",e0725-a.mp3,e0725-b.mp3,1,user,Matthew.png,right,left,"late,"
e0726,va0363,late,I was up late studying for the test.,,テスト勉強で夜遅くまで起きてたんだ。,,Ivy,,1,Ivy,,___________,,I was up late studying for the test.,I|was|up|late|studying|for|the|test.,e0726-a.mp3,,1,user,,right,none,late
e0727,va0364,delicious,This cake is absolutely delicious.,I'm so glad you like it!,このケーキ本当に美味しいね。,気に入ってもらえて嬉しいよ！,Ivy,Matthew,1,Ivy,Matthew,___________,I'm so glad you like it!,This cake is absolutely delicious.,This|cake|is|absolutely|delicious.,e0727-a.mp3,e0727-b.mp3,1,user,Matthew.png,right,left,delicious.
e0728,va0364,delicious,The food at that new restaurant was so delicious.,,あの新しいレストランの料理、すごく美味しかったよ。,,Ivy,,1,Ivy,,___________,,The food at that new restaurant was so delicious.,The|food|at|that|new|restaurant|was|so|delicious.,e0728-a.mp3,,1,user,,right,none,delicious.
e0729,va0365,die,My phone battery is about to die.,"Here, borrow my charger.",スマホの充電もうすぐ切れそう。,はい、私の充電器貸すよ。,Ivy,Matthew,1,Ivy,Matthew,___________,"Here, borrow my charger.",My phone battery is about to die.,My|phone|battery|is|about|to|die.,e0729-a.mp3,e0729-b.mp3,1,user,Matthew.png,right,left,die.
e0730,va0365,die,That plant died because I forgot to water it.,,水やり忘れてたから、あの植物枯れちゃったんだ。,,Ivy,,1,Ivy,,___________,,That plant died because I forgot to water it.,That|plant|died|because|I|forgot|to|water|it.,e0730-a.mp3,,1,user,,right,none,died
e0731,va0366,fix,Can you fix my bike chain?,"Sure, let me grab some tools.",自転車のチェーン直してくれる？,うん、道具持ってくるね。,Ivy,Matthew,1,Ivy,Matthew,___________,"Sure, let me grab some tools.",Can you fix my bike chain?,Can|you|fix|my|bike|chain?,e0731-a.mp3,e0731-b.mp3,1,user,Matthew.png,right,left,fix
e0732,va0366,fix,I finally fixed the bug in my code.,,やっとコードのバグを直せたよ。,,Ivy,,1,Ivy,,___________,,I finally fixed the bug in my code.,I|finally|fixed|the|bug|in|my|code.,e0732-a.mp3,,1,user,,right,none,fixed
e0733,va0367,choose,It's so hard to choose between these two shirts.,I like the blue one better.,この2枚のシャツどっちにするか迷うな。,私は青のほうが好きかな。,Ivy,Kevin,1,Ivy,Kevin,___________,I like the blue one better.,It's so hard to choose between these two shirts.,It's|so|hard|to|choose|between|these|two|shirts.,e0733-a.mp3,e0733-b.mp3,1,user,Kevin.png,right,left,choose
e0734,va0367,choose,I chose science class over art this semester.,,今学期は美術より理科を選んだんだ。,,Ivy,,1,Ivy,,___________,,I chose science class over art this semester.,I|chose|science|class|over|art|this|semester.,e0734-a.mp3,,1,user,,right,none,chose
e0735,va0368,knock,Someone's knocking on the door.,I'll get it!,誰かドアをノックしてるよ。,私が出るね！,Ivy,Kevin,1,Ivy,Kevin,___________,I'll get it!,Someone's knocking on the door.,Someone's|knocking|on|the|door.,e0735-a.mp3,e0735-b.mp3,1,user,Kevin.png,right,left,knocking
e0736,va0368,knock,"Always knock before you enter my room, please.",,私の部屋に入る前は必ずノックしてね。,,Ruth,,1,Ruth,,___________,,"Always knock before you enter my room, please.","Always|knock|before|you|enter|my|room,|please.",e0736-a.mp3,,1,05.png,,left,none,knock
e0737,va0369,decide,Have you decided what to order?,"Not yet, everything looks good!",注文するもの決めた？,まだだよ、全部美味しそう！,Ivy,Kevin,1,Ivy,Kevin,___________,"Not yet, everything looks good!",Have you decided what to order?,Have|you|decided|what|to|order?,e0737-a.mp3,e0737-b.mp3,1,user,Kevin.png,right,left,decided
e0738,va0369,decide,I decided to join the tennis club this year.,,今年テニス部に入ることに決めたんだ。,,Ivy,,1,Ivy,,___________,,I decided to join the tennis club this year.,I|decided|to|join|the|tennis|club|this|year.,e0738-a.mp3,,1,user,,right,none,decided
e0739,va0370,move,Are you going to move to a new house?,"Yeah, next month actually!",新しい家に引っ越すの？,うん、実は来月なんだ！,Ivy,Kevin,1,Ivy,Kevin,___________,"Yeah, next month actually!",Are you going to move to a new house?,Are|you|going|to|move|to|a|new|house?,e0739-a.mp3,e0739-b.mp3,1,user,Kevin.png,right,left,move
e0740,va0370,move,"Don't move, there's a bee on your shoulder.",,動かないで、肩に蜂がとまってるよ。,,Matthew,,1,Matthew,,___________,,"Don't move, there's a bee on your shoulder.","Don't|move,|there's|a|bee|on|your|shoulder.",e0740-a.mp3,,1,Matthew.png,,left,none,"move,"
e0741,va0371,street,Which street do you live on?,"Sakura Street, near the bakery.",何通りに住んでるの？,桜通りだよ、パン屋さんの近く。,Ivy,Kevin,1,Ivy,Kevin,___________,"Sakura Street, near the bakery.",Which street do you live on?,Which|street|do|you|live|on?,e0741-a.mp3,e0741-b.mp3,1,user,Kevin.png,right,left,street
e0742,va0371,street,Be careful crossing that busy street.,,あの交通量の多い通りを渡るときは気をつけてね。,,Matthew,,1,Matthew,,___________,,Be careful crossing that busy street.,Be|careful|crossing|that|busy|street.,e0742-a.mp3,,1,Matthew.png,,left,none,street.
e0743,va0372,ride,Can I get a ride to the mall?,"Sure, I'm heading that way anyway!",モールまで乗せてってくれる？,うん、ちょうどそっちに行くところだから！,Ivy,Matthew,1,Ivy,Matthew,___________,"Sure, I'm heading that way anyway!",Can I get a ride to the mall?,Can|I|get|a|ride|to|the|mall?,e0743-a.mp3,e0743-b.mp3,1,user,Matthew.png,right,left,ride
e0744,va0372,ride,I love riding my bike along the river.,,川沿いを自転車で走るの大好きなんだ。,,Ivy,,1,Ivy,,___________,,I love riding my bike along the river.,I|love|riding|my|bike|along|the|river.,e0744-a.mp3,,1,user,,right,none,riding
e0745,va0373,ashamed,I'm kind of ashamed about how I acted yesterday.,"Don't worry, everyone makes mistakes.",昨日の自分の振る舞い、ちょっと恥ずかしいな。,大丈夫だよ、誰でも間違えるものだから。,Ivy,Kevin,1,Ivy,Kevin,___________,"Don't worry, everyone makes mistakes.",I'm kind of ashamed about how I acted yesterday.,I'm|kind|of|ashamed|about|how|I|acted|yesterday.,e0745-a.mp3,e0745-b.mp3,1,user,Kevin.png,right,left,ashamed
e0746,va0373,ashamed,She felt ashamed after forgetting her lines in the play.,,彼女は劇でセリフを忘れて恥ずかしい思いをしたんだ。,,Ivy,,1,Ivy,,___________,,She felt ashamed after forgetting her lines in the play.,She|felt|ashamed|after|forgetting|her|lines|in|the|play.,e0746-a.mp3,,1,user,,right,none,ashamed
e0747,va0374,lead,Can you lead the group project this time?,"Sure, I'll give it a try!",今回グループ課題のリーダーやってくれる？,うん、やってみるね！,Kevin,Ivy,1,Kevin,Ivy,___________,"Sure, I'll give it a try!",Can you lead the group project this time?,Can|you|lead|the|group|project|this|time?,e0747-a.mp3,e0747-b.mp3,1,Kevin.png,user,left,right,lead
e0748,va0374,lead,This path leads straight to the beach.,,この道は真っすぐビーチに続いてるよ。,,Ivy,,1,Ivy,,___________,,This path leads straight to the beach.,This|path|leads|straight|to|the|beach.,e0748-a.mp3,,1,user,,right,none,leads
e0749,va0375,waste,Don't waste your allowance on stuff you don't need.,"You're right, I'll save some.",必要ないものにお小遣い無駄遣いしないでね。,そうだね、少し貯金するよ。,Matthew,Ivy,1,Matthew,Ivy,___________,"You're right, I'll save some.",Don't waste your allowance on stuff you don't need.,Don't|waste|your|allowance|on|stuff|you|don't|need.,e0749-a.mp3,e0749-b.mp3,1,Matthew.png,user,left,right,waste
e0750,va0375,waste,I feel like I wasted the whole afternoon scrolling my phone.,,スマホをずっとスクロールして午後を無駄にした気がする。,,Ivy,,1,Ivy,,___________,,I feel like I wasted the whole afternoon scrolling my phone.,I|feel|like|I|wasted|the|whole|afternoon|scrolling|my|phone.,e0750-a.mp3,,1,user,,right,none,wasted
e0751,va0376,enemy,"In this game, who's our biggest enemy?","The dragon boss, definitely!",このゲームで一番の敵は誰？,絶対ドラゴンのボスだよ！,Ivy,Kevin,1,Ivy,Kevin,___________,"The dragon boss, definitely!","In this game, who's our biggest enemy?","In|this|game,|who's|our|biggest|enemy?",e0751-a.mp3,e0751-b.mp3,1,user,Kevin.png,right,left,enemy?
e0752,va0376,enemy,"They used to be enemies, but now they're best friends.",,彼らは昔は敵同士だったけど、今は親友なんだ。,,Ivy,,1,Ivy,,___________,,"They used to be enemies, but now they're best friends.","They|used|to|be|enemies,|but|now|they're|best|friends.",e0752-a.mp3,,1,user,,right,none,"enemies,"
e0753,va0377,business,My uncle started his own business last year.,"Wow, what kind of business?",私のおじさん、去年自分の事業を始めたんだ。,へえ、どんな事業？,Ivy,Kevin,1,Ivy,Kevin,___________,"Wow, what kind of business?",My uncle started his own business last year.,My|uncle|started|his|own|business|last|year.,e0753-a.mp3,e0753-b.mp3,1,user,Kevin.png,right,left,business
e0754,va0377,business,"It's none of my business, but are you two okay?",,私には関係ないことだけど、二人とも大丈夫？,,Ivy,,1,Ivy,,___________,,"It's none of my business, but are you two okay?","It's|none|of|my|business,|but|are|you|two|okay?",e0754-a.mp3,,1,user,,right,none,"business,"
e0755,va0378,Fahrenheit,It's ninety degrees Fahrenheit today.,That explains why I'm sweating so much.,今日は華氏90度だよ。,だからこんなに汗かいてるんだね。,Ivy,Kevin,1,Ivy,Kevin,___________,That explains why I'm sweating so much.,It's ninety degrees Fahrenheit today.,It's|ninety|degrees|Fahrenheit|today.,e0755-a.mp3,e0755-b.mp3,1,user,Kevin.png,right,left,Fahrenheit
e0756,va0378,Fahrenheit,Water freezes at thirty-two degrees Fahrenheit.,I'll use this fact in my science presentation about temperature scales.,水は華氏32度で凍ります。,この事実を、温度目盛りについての理科の発表で使おうと思います。,Ivy,Ruth,1,Ivy,Ruth,___________,I'll use this fact in my science presentation about temperature scales.,Water freezes at thirty-two degrees Fahrenheit.,Water|freezes|at|thirty-two|degrees|Fahrenheit.,e0756-a.mp3,e0756-b.mp3,1,user,05.png,right,left,Fahrenheit.
e0757,va0379,author,Who's the author of this book?,"I forget, but it's really good!",この本の著者って誰？,忘れちゃったけど、本当に面白いよ！,Ivy,Kevin,1,Ivy,Kevin,___________,"I forget, but it's really good!",Who's the author of this book?,Who's|the|author|of|this|book?,e0757-a.mp3,e0757-b.mp3,1,user,Kevin.png,right,left,author
e0758,va0379,author,I'd like to talk about my favorite author for today's book report.,"This author writes the best mystery novels, in my opinion.",今日の読書感想文では、私の好きな作家について話したいと思います。,私の考えでは、この作家は最高の推理小説を書いています。,Ivy,Ruth,2,Ivy,Ruth,I'd like to talk about my favorite author for today's book report.,___________,"This author writes the best mystery novels, in my opinion.","This|author|writes|the|best|mystery|novels,|in|my|opinion.",e0758-a.mp3,e0758-b.mp3,1,user,05.png,right,left,author
e0759,va0380,difference,What's the difference between these two words?,"One's more formal, I think.",この2つの単語の違いって何？,片方のほうがフォーマルな気がするな。,Ivy,Kevin,1,Ivy,Kevin,___________,"One's more formal, I think.",What's the difference between these two words?,What's|the|difference|between|these|two|words?,e0759-a.mp3,e0759-b.mp3,1,user,Kevin.png,right,left,difference
e0760,va0380,difference,"Based on our experiment, there's a clear difference between the two results.",I think this difference comes from the amount of sunlight each plant got.,私たちの実験に基づくと、二つの結果には明らかな違いがあります。,この違いは、それぞれの植物が受けた日光の量から来ていると思います。,Ivy,Ruth,1,Ivy,Ruth,___________,I think this difference comes from the amount of sunlight each plant got.,"Based on our experiment, there's a clear difference between the two results.","Based|on|our|experiment,|there's|a|clear|difference|between|the|two|results.",e0760-a.mp3,e0760-b.mp3,1,user,05.png,right,left,difference
e0761,va0381,dangerous,Is it dangerous to swim here?,"Yeah, the current's really strong.",ここで泳ぐのは危険なの？,うん、流れがすごく強いんだ。,Ivy,Kevin,1,Ivy,Kevin,___________,"Yeah, the current's really strong.",Is it dangerous to swim here?,Is|it|dangerous|to|swim|here?,e0761-a.mp3,e0761-b.mp3,1,user,Kevin.png,right,left,dangerous
e0762,va0381,dangerous,Riding a bike without a helmet can be dangerous.,,ヘルメットなしで自転車に乗るのは危険なことがあるよ。,,Ivy,,1,Ivy,,___________,,Riding a bike without a helmet can be dangerous.,Riding|a|bike|without|a|helmet|can|be|dangerous.,e0762-a.mp3,,1,user,,right,none,dangerous.
e0763,va0382,congratulation,Congratulations on making the team!,"Thank you so much, I'm so excited!",チームに入れておめでとう！,本当にありがとう、すごく嬉しい！,Ruth,Ivy,1,Ruth,Ivy,___________,"Thank you so much, I'm so excited!",Congratulations on making the team!,Congratulations|on|making|the|team!,e0763-a.mp3,e0763-b.mp3,1,05.png,user,left,right,Congratulations
e0764,va0382,congratulation,We sent her a card with our congratulations.,,私たちは彼女にお祝いのカードを送ったんだ。,,Ivy,,1,Ivy,,___________,,We sent her a card with our congratulations.,We|sent|her|a|card|with|our|congratulations.,e0764-a.mp3,,1,user,,right,none,congratulations.
e0765,va0383,nightmare,I had a nightmare about failing my test.,"That sounds stressful, are you okay now?",テストに落ちる悪夢を見たんだ。,それはストレスたまりそうだね、今は大丈夫？,Ivy,Kevin,1,Ivy,Kevin,___________,"That sounds stressful, are you okay now?",I had a nightmare about failing my test.,I|had|a|nightmare|about|failing|my|test.,e0765-a.mp3,e0765-b.mp3,1,user,Kevin.png,right,left,nightmare
e0766,va0383,nightmare,Cleaning up after the party was a total nightmare.,,パーティーの後片付けは本当に大変だったよ。,,Ivy,,1,Ivy,,___________,,Cleaning up after the party was a total nightmare.,Cleaning|up|after|the|party|was|a|total|nightmare.,e0766-a.mp3,,1,user,,right,none,nightmare.
e0767,va0384,advertising,This ad is everywhere lately.,"I know, their advertising is really working.",この広告最近どこでも見るね。,だよね、あの会社の広告戦略うまくいってるんだね。,Ivy,Kevin,2,Ivy,Kevin,This ad is everywhere lately.,___________,"I know, their advertising is really working.","I|know,|their|advertising|is|really|working.",e0767-a.mp3,e0767-b.mp3,1,user,Kevin.png,right,left,advertising
e0768,va0384,advertising,"In my opinion, advertising affects children more than adults realize.",That's why I believe some advertising should be more carefully regulated.,私の意見では、広告は大人が思っている以上に子供に影響を与えています。,だからこそ、一部の広告はもっと慎重に規制されるべきだと私は思います。,Ivy,Ruth,2,Ivy,Ruth,"In my opinion, advertising affects children more than adults realize.",___________,That's why I believe some advertising should be more carefully regulated.,That's|why|I|believe|some|advertising|should|be|more|carefully|regulated.,e0768-a.mp3,e0768-b.mp3,1,user,05.png,right,left,advertising
e0769,va0385,kindness,Thank you for your kindness today.,"Of course, that's what friends are for!",今日は優しくしてくれてありがとう。,もちろん、友達だもん！,Ivy,Matthew,1,Ivy,Matthew,___________,"Of course, that's what friends are for!",Thank you for your kindness today.,Thank|you|for|your|kindness|today.,e0769-a.mp3,e0769-b.mp3,1,user,Matthew.png,right,left,kindness
e0770,va0385,kindness,A little kindness can really make someone's day.,,ちょっとした優しさが誰かの一日を明るくすることがあるよね。,,Ivy,,1,Ivy,,___________,,A little kindness can really make someone's day.,A|little|kindness|can|really|make|someone's|day.,e0770-a.mp3,,1,user,,right,none,kindness
e0771,va0386,thick,This book is really thick.,"Yeah, it'll probably take me a month!",この本すごく分厚いね。,うん、たぶん読み終えるのに1か月かかるよ！,Ivy,Kevin,1,Ivy,Kevin,___________,"Yeah, it'll probably take me a month!",This book is really thick.,This|book|is|really|thick.,e0771-a.mp3,e0771-b.mp3,1,user,Kevin.png,right,left,thick.
e0772,va0386,thick,"Put on a thick jacket, it's freezing outside.",,外はすごく寒いから、厚手のジャケット着てね。,,Matthew,,1,Matthew,,___________,,"Put on a thick jacket, it's freezing outside.","Put|on|a|thick|jacket,|it's|freezing|outside.",e0772-a.mp3,,1,Matthew.png,,left,none,thick
e0773,va0387,gardening,My mom really loves gardening.,"That's cool, does she grow vegetables?",うちのお母さん、ガーデニング本当に好きなんだ。,いいね、野菜も育ててるの？,Ivy,Kevin,1,Ivy,Kevin,___________,"That's cool, does she grow vegetables?",My mom really loves gardening.,My|mom|really|loves|gardening.,e0773-a.mp3,e0773-b.mp3,1,user,Kevin.png,right,left,gardening.
e0774,va0387,gardening,Gardening is actually a great way to relax.,,ガーデニングって実はリラックスするのにすごくいい方法なんだよ。,,Ivy,,1,Ivy,,___________,,Gardening is actually a great way to relax.,Gardening|is|actually|a|great|way|to|relax.,e0774-a.mp3,,1,user,,right,none,Gardening
e0775,va0388,discuss,Can we discuss the project after class?,"Sure, I'll be free then.",放課後にプロジェクトについて話し合わない？,うん、その時間空いてるよ。,Ivy,Kevin,1,Ivy,Kevin,___________,"Sure, I'll be free then.",Can we discuss the project after class?,Can|we|discuss|the|project|after|class?,e0775-a.mp3,e0775-b.mp3,1,user,Kevin.png,right,left,discuss
e0776,va0388,discuss,Let's discuss the results before we present them to the class.,I think we should focus on the most surprising finding first.,クラスに発表する前に、結果について話し合いましょう。,私は、一番驚きだった発見から先に取り上げるべきだと思います。,Ivy,Ruth,1,Ivy,Ruth,___________,I think we should focus on the most surprising finding first.,Let's discuss the results before we present them to the class.,Let's|discuss|the|results|before|we|present|them|to|the|class.,e0776-a.mp3,e0776-b.mp3,1,user,05.png,right,left,discuss
e0777,va0389,certainly,Will you be at the party tonight?,"Certainly, I wouldn't miss it!",今夜のパーティー来る？,もちろん、絶対行くよ！,Kevin,Ivy,2,Kevin,Ivy,Will you be at the party tonight?,___________,"Certainly, I wouldn't miss it!","Certainly,|I|wouldn't|miss|it!",e0777-a.mp3,e0777-b.mp3,1,Kevin.png,user,left,right,"Certainly,"
e0778,va0389,certainly,That was certainly the hardest test I've taken.,,あれは間違いなく今まで受けた中で一番難しいテストだったよ。,,Ivy,,1,Ivy,,___________,,That was certainly the hardest test I've taken.,That|was|certainly|the|hardest|test|I've|taken.,e0778-a.mp3,,1,user,,right,none,certainly
e0779,va0390,tight,These shoes feel a bit tight.,Maybe try a bigger size next time.,この靴ちょっときつく感じるな。,次はもう少し大きいサイズ試してみたら。,Ivy,Matthew,1,Ivy,Matthew,___________,Maybe try a bigger size next time.,These shoes feel a bit tight.,These|shoes|feel|a|bit|tight.,e0779-a.mp3,e0779-b.mp3,1,user,Matthew.png,right,left,tight.
e0780,va0390,tight,Make sure the knot is tight before you climb.,,登る前に結び目がしっかり締まってるか確認してね。,,Matthew,,1,Matthew,,___________,,Make sure the knot is tight before you climb.,Make|sure|the|knot|is|tight|before|you|climb.,e0780-a.mp3,,1,Matthew.png,,left,none,tight
e0781,va0391,fair,It's not fair that she got more time on the test.,"I know, that seems unfair.",彼女がテストで時間多くもらえたのは不公平だよ。,だよね、それは不公平に思えるね。,Ivy,Kevin,1,Ivy,Kevin,___________,"I know, that seems unfair.",It's not fair that she got more time on the test.,It's|not|fair|that|she|got|more|time|on|the|test.,e0781-a.mp3,e0781-b.mp3,1,user,Kevin.png,right,left,fair
e0782,va0391,fair,The teacher tried to be fair to everyone.,,先生はみんなに公平であろうとしていたよ。,,Ruth,,1,Ruth,,___________,,The teacher tried to be fair to everyone.,The|teacher|tried|to|be|fair|to|everyone.,e0782-a.mp3,,1,05.png,,left,none,fair
e0783,va0392,emotional,"That movie was so emotional, I cried.","Me too, especially the ending!",あの映画すごく感動的で泣いちゃった。,私も、特にラストがね！,Ivy,Kevin,1,Ivy,Kevin,___________,"Me too, especially the ending!","That movie was so emotional, I cried.","That|movie|was|so|emotional,|I|cried.",e0783-a.mp3,e0783-b.mp3,1,user,Kevin.png,right,left,"emotional,"
e0784,va0392,emotional,Graduation day is always an emotional moment.,,卒業式はいつも感動的な瞬間だよね。,,Ivy,,1,Ivy,,___________,,Graduation day is always an emotional moment.,Graduation|day|is|always|an|emotional|moment.,e0784-a.mp3,,1,user,,right,none,emotional
e0785,va0393,contact lenses,Do you wear contact lenses or glasses?,"Contact lenses, mostly.",コンタクトレンズと眼鏡どっち使ってるの？,たいていコンタクトレンズかな。,Ivy,Kevin,1,Ivy,Kevin,___________,"Contact lenses, mostly.",Do you wear contact lenses or glasses?,Do|you|wear|contact|lenses|or|glasses?,e0785-a.mp3,e0785-b.mp3,1,user,Kevin.png,right,left,contact|lenses
e0786,va0393,contact lenses,I forgot to bring my contact lenses case on the trip.,,旅行にコンタクトレンズのケース持ってくるの忘れちゃった。,,Ivy,,1,Ivy,,___________,,I forgot to bring my contact lenses case on the trip.,I|forgot|to|bring|my|contact|lenses|case|on|the|trip.,e0786-a.mp3,,1,user,,right,none,contact|lenses
e0787,va0394,get along with,Do you get along with your new roommate?,"Yeah, we get along really well!",新しいルームメイトとうまくやってる？,うん、すごく仲良くやってるよ！,Ivy,Kevin,1,Ivy,Kevin,___________,"Yeah, we get along really well!",Do you get along with your new roommate?,Do|you|get|along|with|your|new|roommate?,e0787-a.mp3,e0787-b.mp3,1,user,Kevin.png,right,left,get|along|with
e0788,va0394,get along with,It's important to get along with your classmates.,,クラスメートと仲良くすることは大事だよね。,,Ivy,,1,Ivy,,___________,,It's important to get along with your classmates.,It's|important|to|get|along|with|your|classmates.,e0788-a.mp3,,1,user,,right,none,get|along|with
e0789,va0395,go bad,Has this milk gone bad?,"Smells fine to me, still good!",この牛乳、腐ってるかな？,私には大丈夫な匂いに思えるよ、まだいけそう！,Ivy,Kevin,1,Ivy,Kevin,___________,"Smells fine to me, still good!",Has this milk gone bad?,Has|this|milk|gone|bad?,e0789-a.mp3,e0789-b.mp3,1,user,Kevin.png,right,left,gone|bad?
e0790,va0395,go bad,The bananas went bad because we forgot about them.,,バナナ、忘れてたから腐っちゃったんだ。,,Ivy,,1,Ivy,,___________,,The bananas went bad because we forgot about them.,The|bananas|went|bad|because|we|forgot|about|them.,e0790-a.mp3,,1,user,,right,none,went|bad
e0791,va0396,sudden,That was such a sudden change of plans.,"Yeah, it caught me off guard too.",急な計画変更だったね。,うん、私も不意打ちだったよ。,Ivy,Kevin,1,Ivy,Kevin,___________,"Yeah, it caught me off guard too.",That was such a sudden change of plans.,That|was|such|a|sudden|change|of|plans.,e0791-a.mp3,e0791-b.mp3,1,user,Kevin.png,right,left,sudden
e0792,va0396,sudden,There was a sudden knock on the door.,,突然ドアをノックする音がしたんだ。,,Ivy,,1,Ivy,,___________,,There was a sudden knock on the door.,There|was|a|sudden|knock|on|the|door.,e0792-a.mp3,,1,user,,right,none,sudden
e0793,va0397,discover,We discovered a hidden trail behind the school.,"No way, let's explore it together!",学校の裏に隠れた小道を見つけたんだ。,マジで、一緒に探検しよう！,Ivy,Kevin,1,Ivy,Kevin,___________,"No way, let's explore it together!",We discovered a hidden trail behind the school.,We|discovered|a|hidden|trail|behind|the|school.,e0793-a.mp3,e0793-b.mp3,1,user,Kevin.png,right,left,discovered
e0794,va0397,discover,"For my science project, I discovered that plants grow faster with music.","I was really surprised by this result, so I'd like to research it further.",自由研究で、音楽をかけると植物がより早く育つことを発見しました。,この結果にはとても驚いたので、もっと詳しく研究してみたいと思います。,Ivy,Ruth,1,Ivy,Ruth,___________,"I was really surprised by this result, so I'd like to research it further.","For my science project, I discovered that plants grow faster with music.","For|my|science|project,|I|discovered|that|plants|grow|faster|with|music.",e0794-a.mp3,e0794-b.mp3,1,user,05.png,right,left,discovered
e0795,va0398,hang,Can you hang this picture on the wall?,"Sure, where do you want it?",この絵、壁に掛けてくれる？,うん、どこに掛けたい？,Ivy,Matthew,1,Ivy,Matthew,___________,"Sure, where do you want it?",Can you hang this picture on the wall?,Can|you|hang|this|picture|on|the|wall?,e0795-a.mp3,e0795-b.mp3,1,user,Matthew.png,right,left,hang
e0796,va0398,hang,Do you want to hang out after school today?,,今日、放課後一緒に遊ばない？,,Ivy,,1,Ivy,,___________,,Do you want to hang out after school today?,Do|you|want|to|hang|out|after|school|today?,e0796-a.mp3,,1,user,,right,none,hang
e0797,va0399,crowd funding,They're using crowd funding to make their movie.,"That's cool, I'll donate a little!",彼らは映画を作るのにクラウドファンディングを使ってるんだ。,かっこいいね、少し寄付するよ！,Ivy,Kevin,1,Ivy,Kevin,___________,"That's cool, I'll donate a little!",They're using crowd funding to make their movie.,They're|using|crowd|funding|to|make|their|movie.,e0797-a.mp3,e0797-b.mp3,1,user,Kevin.png,right,left,crowd|funding
e0798,va0399,crowd funding,Our club raised money through crowd funding for new uniforms.,,私たちの部活は新しいユニフォームのためにクラウドファンディングでお金を集めたんだ。,,Ivy,,1,Ivy,,___________,,Our club raised money through crowd funding for new uniforms.,Our|club|raised|money|through|crowd|funding|for|new|uniforms.,e0798-a.mp3,,1,user,,right,none,crowd|funding
e0799,va0400,difficulty,I had some difficulty understanding the last question.,"Same here, it was confusing.",最後の問題を理解するのに少し苦労したよ。,私も、あれわかりにくかったよね。,Ivy,Kevin,1,Ivy,Kevin,___________,"Same here, it was confusing.",I had some difficulty understanding the last question.,I|had|some|difficulty|understanding|the|last|question.,e0799-a.mp3,e0799-b.mp3,1,user,Kevin.png,right,left,difficulty
e0800,va0400,difficulty,She spoke about her difficulty adjusting to a new school.,,彼女は新しい学校に馴染む大変さについて話してたよ。,,Ivy,,1,Ivy,,___________,,She spoke about her difficulty adjusting to a new school.,She|spoke|about|her|difficulty|adjusting|to|a|new|school.,e0800-a.mp3,,1,user,,right,none,difficulty
