単語・フレーズ,タグ,サブタグ
a (fixed) star,重複,推測可能
a bamboo sword,重複,推測可能
a bank balance,重複,推測可能
a bargain,重複,推測可能
a bit,重複,
a bottle of ~,重複,
a bowl of ~,重複,推測可能
a bunch of ~,重複,
a capital letter,重複,推測可能
a chopping board,重複,推測可能
a conveyor-belt sushi bar,重複,レア
a couple of ~,重複,推測可能
a crucial moment,重複,推測可能
a drawing room,重複,推測可能
a drowned man,重複,推測可能
a drowning man,重複,推測可能
a fitting room,重複,推測可能
a fork in the road,重複,推測可能
a friend from ~,重複,推測可能
a glass of ~,重複,推測可能
a good deal of ~,重複,推測可能
a graduate school,重複,推測可能
a graduate student,重複,推測可能
a great deal of ~,重複,推測可能
a guaranteed fee,重複,レア
a head office,重複,推測可能
a headquarters,重複,
a key to ~,重複,推測可能
a kind of ~,重複,推測可能
a little more,重複,推測可能
a local train,重複,推測可能
a long time ago,重複,推測可能
a member of ~,重複,推測可能
a mile,重複,
a moon,重複,推測可能
a piece of ~,重複,推測可能
a poem,重複,推測可能
a post office,重複,推測可能
a postcard,重複,
a postcode,重複,レア
a real bargain,重複,推測可能
a series of ~,重複,
a shade,重複,推測可能
a small letter,重複,推測可能
a variety of ~,重複,推測可能
a window seat,重複,推測可能
a zip code,重複,推測可能
(A) interact with (A),重複,推測可能
a.m.,重複,レア
absorb,重複,推測可能
according to ~,重複,
accordingly,重複,推測可能
acquaintance,重複,推測可能
again and again,重複,推測可能
age,重複,推測可能
aged,重複,推測可能
agree,重複,推測可能
agree that SV,重複,推測可能
agricultural,重複,推測可能
agriculture,重複,推測可能
ahead,重複,推測可能
ahead of ~,重複,推測可能
air cleaner,重複,推測可能
air conditioner,重複,推測可能
air force,重複,推測可能
alarm,重複,推測可能
alarm clock,重複,推測可能
alike,重複,推測可能
all day,重複,
all day long,重複,
all kinds of ~,重複,
all over,重複,
all over the world,重複,推測可能
all over ~,重複,
all sorts of ~,重複,
all the way,重複,
all-you-can-eat,重複,推測可能
alone,重複,推測可能
alter,重複,推測可能
alteration,重複,推測可能
alternative,重複,推測可能
altogether,重複,推測可能
amaze,重複,推測可能
amazed,重複,推測可能
amazing,重複,推測可能
amazingly,重複,推測可能
America,重複,レア
American,重複,推測可能
(American) football,重複,推測可能
among,重複,推測可能
among the best,重複,推測可能
amuse,重複,推測可能
amusement,重複,推測可能
amusement park,重複,推測可能
amusing,重複,推測可能
an alarm (clock),重複,推測可能
an eco-friendly bag,重複,推測可能
anger,重複,推測可能
angry,重複,推測可能
annoy,重複,推測可能
annoyance,重複,推測可能
annoying,重複,推測可能
annual,重複,推測可能
annual baby's breath,重複,レア
annually,重複,推測可能
anticipate,重複,推測可能
anticipation,重複,推測可能
anxious,重複,推測可能
anxiously,重複,推測可能
Any recommendations?,重複,
anything but ~,重複,推測可能
apologize,重複,推測可能
appeal to ~,重複,
appreciate,重複,推測可能
appreciative,重複,推測可能
appropriate,重複,推測可能
appropriately,重複,推測可能
approve,重複,推測可能
approve of ~,重複,推測可能
approximate,重複,推測可能
approximately,重複,推測可能
around the clock,重複,推測可能
arrive,重複,推測可能
arrive at ~,重複,推測可能
arrogance,重複,推測可能
arrogant,重複,推測可能
as a matter of fact,重複,推測可能
as a result,重複,推測可能
as a result of ~,重複,推測可能
as always,重複,推測可能
as expected,重複,
as soon as possible,重複,推測可能
as usual,重複,推測可能
ASAP,重複,推測可能
ask,重複,推測可能
ask (A) to do,重複,推測可能
ask A for B,重複,推測可能
assure,重複,推測可能
assured,重複,推測可能
astonish,重複,推測可能
astonishing,重複,推測可能
at 9 a.m.,重複,
at a time,重複,推測可能
at all costs / at any cost,重複,推測可能
at any risk,重複,推測可能
at home,重複,推測可能
at no cost,重複,推測可能
at noon,重複,推測可能
at one's own risk,重複,推測可能
at school,重複,推測可能
at that moment,重複,推測可能
at that time,重複,推測可能
at the end of ~,重複,推測可能
at the expense of ~,重複,推測可能
at the foot of ~,重複,推測可能
at the moment,重複,推測可能
at times,重複,
at work,重複,推測可能
at your earliest convenience,重複,
athlete,重複,推測可能
athletic,重複,推測可能
attach,重複,推測可能
attachment,重複,推測可能
attend,重複,推測可能
attendant,重複,推測可能
attention,重複,推測可能
attentive,重複,推測可能
authorities,重複,推測可能
authority,重複,推測可能
availability,重複,推測可能
available,重複,推測可能
await,重複,推測可能
award,重複,推測可能
award-winning,重複,推測可能
aware,重複,推測可能
awe,重複,推測可能
awesome,重複,推測可能
awful,重複,推測可能
awfully,重複,推測可能
back home,重複,推測可能
back in ~,重複,
backache,重複,推測可能
bake,重複,推測可能
baked,重複,推測可能
balance,重複,推測可能
balanced,重複,推測可能
ballpoint pen,重複,レア
bamboo,重複,レア
bank,重複,推測可能
barely,重複,推測可能
bargain,重複,推測可能
base,重複,推測可能
baseball,重複,推測可能
based on ~,重複,
basic,重複,推測可能
basically,重複,推測可能
basketball,重複,推測可能
bath,重複,推測可能
bathe,重複,推測可能
battery charger,重複,
be absorbed in ~,重複,
be acquainted (with ~),重複,
be all alone,重複,推測可能
be amazed at ~,重複,推測可能
be annoyed,重複,
be astonished at (by) ~,重複,
be attached to ~,重複,
be aware of ~,重複,推測可能
be bad at ~,重複,
be born,重複,推測可能
be broken,重複,推測可能
be capable of ...ing,重複,推測可能
be concerned about ~,重複,推測可能
be conscious of ~,重複,推測可能
be covered with ~,重複,
be crazy about ~,重複,推測可能
"be delighted at (by, with) ~",重複,推測可能
be delighted to ...,重複,推測可能
be derived from ~,重複,
be done with ~,重複,
be due to ...,重複,推測可能
be eager to ...,重複,推測可能
be engaged in ~,重複,推測可能
be familiar with ~,重複,推測可能
be filled with ~,重複,
be fond of ~,重複,
be friends with ~,重複,
be full of ~,重複,推測可能
be getting a cold,重複,推測可能
be glad to do,重複,推測可能
be good at ~,重複,推測可能
be happy to do,重複,推測可能
be honored to ...,重複,
be in charge of ~,重複,推測可能
be in danger of ~,重複,推測可能
be in the possession of ~,重複,推測可能
be in touch with ~,重複,推測可能
be infected with ~,重複,
be inferior to ~,重複,推測可能
be interested in ~,重複,推測可能
be into ~,重複,
be isolated from ~,重複,
be keen on ~,重複,推測可能
be known for ~,重複,
be likely to ...,重複,
be looking to ...,重複,
be made of ~,重複,
be more than happy to ...,重複,推測可能
be occupied with ~,重複,
be off,重複,
be on a diet,重複,推測可能
be opposed to ~,重複,
be over,重複,
be pleased with ~,重複,推測可能
be poor at ~,重複,推測可能
be prepared for ~,重複,推測可能
be prepared to do,重複,推測可能
be proud of ~,重複,
be qualified for ~,重複,
be ready for ~,重複,推測可能
be ready to do,重複,推測可能
be reluctant to ...,重複,推測可能
be right back,重複,推測可能
be rooted in ~,重複,
be safe with ~,重複,推測可能
be satisfied with ~,重複,
be seeing ~,重複,
be stressed out,重複,推測可能
be sure (that) ...,重複,推測可能
be sure of (名詞),重複,推測可能
be sure to ...,重複,推測可能
be surprised at ~,重複,推測可能
be tired from ~,重複,推測可能
be tired of ~,重複,推測可能
be vulnerable to ~,重複,推測可能
be welcome to ...,重複,推測可能
be willing to ...,重複,推測可能
be worth ...ing,重複,推測可能
(be) open to ~,重複,推測可能
beat,重複,推測可能
beat the crowd,重複,推測可能
beautiful,重複,推測可能
beautiful day,重複,推測可能
behave,重複,推測可能
Behave yourself.,重複,推測可能
behind,重複,推測可能
behind schedule,重複,推測可能
believe,重複,推測可能
believe (that) SV,重複,推測可能
believe in ~,重複,推測可能
believe it or not,重複,推測可能
best,重複,推測可能
beyond one's capability,重複,
bias,重複,推測可能
biased,重複,推測可能
bind,重複,推測可能
binder,重複,推測可能
birth,重複,推測可能
blond-haired,重複,推測可能
boast,重複,推測可能
boasting,重複,推測可能
boil,重複,推測可能
boot (up),重複,
boots,重複,推測可能
born,重複,推測可能
bother,重複,推測可能
bouillon,重複,レア
bouldering,重複,レア
brave,重複,推測可能
bravely,重複,推測可能
break,重複,推測可能
break into ~,重複,推測可能
break out,重複,推測可能
break out in ~,重複,推測可能
break up (with ~),重複,推測可能
bright,重複,推測可能
brighten,重複,推測可能
bring,重複,推測可能
bring A to B,重複,推測可能
bring ~ back,重複,推測可能
bring ~ up,重複,推測可能
brush,重複,推測可能
brush one's teeth,重複,
brushing,重複,推測可能
bucket,重複,推測可能
bucket list,重複,推測可能
build,重複,推測可能
build up ~,重複,推測可能
bull,重複,推測可能
bump,重複,推測可能
burn,重複,推測可能
burning,重複,推測可能
burst,重複,推測可能
burst into laughter,重複,推測可能
business,重複,推測可能
business trip,重複,推測可能
buy,重複,推測可能
buy ~ in cash,重複,推測可能
by all means,重複,推測可能
by car,重複,推測可能
by chance,重複,推測可能
by coincidence,重複,推測可能
by far,重複,推測可能
by no means,重複,推測可能
by one's own choice,重複,推測可能
by the end of the month,重複,推測可能
by the end of the week,重複,推測可能
by train,重複,推測可能
by virtue of ~,重複,推測可能
cabbage,重複,推測可能
calculate,重複,推測可能
calculation,重複,推測可能
call on ~,重複,
can hardly wait,重複,推測可能
Can you spare me ~?,重複,
can't help ...ing,重複,
can't help but ...,重複,推測可能
cannot stand ~,重複,推測可能
capability,重複,推測可能
capital,重複,推測可能
capital city,重複,推測可能
captive,重複,推測可能
capture,重複,推測可能
car,重複,推測可能
care,重複,推測可能
care worker,重複,推測可能
careful,重複,推測可能
carefully,重複,推測可能
carry,重複,推測可能
carry ~ out,重複,推測可能
carry-on baggage,重複,推測可能
cash,重複,推測可能
casual,重複,推測可能
casually,重複,推測可能
catch,重複,推測可能
catch a cold (the flu),重複,推測可能
catch up with ~,重複,推測可能
cause,重複,推測可能
cause an accident,重複,推測可能
cause harm to ~,重複,推測可能
chance,重複,推測可能
chance of ~,重複,推測可能
change,重複,推測可能
change into ~,重複,推測可能
changeable,重複,推測可能
check,重複,推測可能
check in,重複,推測可能
check out ~,重複,推測可能
checkout counter,重複,
cheer,重複,推測可能
cheer ~ on,重複,推測可能
Cheers!,重複,
cherry,重複,推測可能
cherry (blossoms),重複,推測可能
Chinese,重複,推測可能
Chinese cabbage,重複,推測可能
choice,重複,推測可能
chop,重複,推測可能
chop ~ into chunks,重複,推測可能
cite,重複,推測可能
civilization,重複,推測可能
civilized,重複,推測可能
class,重複,推測可能
classical Japanese,重複,推測可能
classical music,重複,推測可能
classmate,重複,推測可能
clean,重複,推測可能
clean up ~,重複,推測可能
cleaning,重複,推測可能
cleanly,重複,推測可能
cleanser,重複,推測可能
clear,重複,推測可能
clear up,重複,推測可能
clerical,重複,推測可能
clerk,重複,推測可能
climb,重複,推測可能
climbing,重複,推測可能
close,重複,推測可能
close down an application,重複,推測可能
close to ~,重複,推測可能
close-up,重複,推測可能
closed,重複,推測可能
clothes,重複,推測可能
clothing,重複,推測可能
cloud,重複,推測可能
cloudy,重複,推測可能
co-ed,重複,推測可能
coast,重複,推測可能
coastal,重複,推測可能
coeducation,重複,推測可能
coffee break,重複,推測可能
coincide,重複,推測可能
coincidence,重複,推測可能
cold,重複,推測可能
combination,重複,推測可能
combine,重複,推測可能
come about,重複,
come across ~,重複,推測可能
come along,重複,推測可能
come and visit ~,重複,推測可能
come back to ~,重複,
come by,重複,
come from ~,重複,
come home,重複,推測可能
come in handy,重複,推測可能
come in second,重複,推測可能
Come in.,重複,
come on in,重複,
come out,重複,
come over,重複,
come to ...,重複,
come to do,重複,
come to ~,重複,
come together,重複,推測可能
come true,重複,推測可能
come up with ~,重複,
comic,重複,推測可能
comic book,重複,推測可能
commonly,重複,推測可能
compassionate,重複,推測可能
compete (with ~),重複,推測可能
completely,重複,推測可能
completion,重複,推測可能
complexity,重複,推測可能
complicate,重複,推測可能
comply with ~,重複,
concerned,重複,推測可能
concerning,重複,推測可能
conditional,重複,推測可能
confine,重複,推測可能
confirmation,重複,推測可能
confused,重複,推測可能
confusing,重複,推測可能
confusion,重複,推測可能
congratulate,重複,推測可能
Congratulations!,重複,
Congress,重複,推測可能
connect with ~,重複,推測可能
conquest,重複,推測可能
consciousness,重複,推測可能
considerably,重複,推測可能
considering ~,重複,
consist of ~,重複,推測可能
consistently,重複,推測可能
constipation,重複,レア
contact lenses,重複,推測可能
content with ~,重複,推測可能
continual,重複,推測可能
continuous,重複,推測可能
contradict,重複,推測可能
contrary to ~,重複,
contribute to ~,重複,推測可能
conveniently,重複,推測可能
conventional wisdom,重複,推測可能
convinced,重複,推測可能
convincingly,重複,推測可能
cooked,重複,推測可能
cool down,重複,推測可能
cope with ~,重複,推測可能
corporate retreat,重複,推測可能
correct,重複,推測可能
correction,重複,推測可能
correctly,重複,推測可能
cost-saving,重複,推測可能
costly,重複,推測可能
count on ~,重複,推測可能
countable,重複,推測可能
countless,重複,推測可能
countryside,重複,推測可能
county,重複,推測可能
creamy,重複,推測可能
crises,重複,推測可能
crowded (with ~),重複,推測可能
cultivated,重複,推測可能
cultivation,重複,推測可能
curious about ~,重複,推測可能
currently,重複,推測可能
cut up ~,重複,
cut ~ into ... pieces,重複,
cut ~ into round slices,重複,
cut ~ into strips,重複,
CV,重複,推測可能
daily living expenses,重複,推測可能
damaging,重複,推測可能
dangerously,重複,推測可能
day after day,重複,
day care,重複,推測可能
day off,重複,
daydream,重複,推測可能
daytime,重複,推測可能
daytrip,重複,推測可能
dead,重複,推測可能
deal with ~,重複,推測可能
dealer,重複,推測可能
dear,重複,推測可能
debatable,重複,推測可能
decayed tooth,重複,推測可能
decency,重複,推測可能
decently,重複,推測可能
decide that ...,重複,推測可能
deep-fry,重複,推測可能
deeply,重複,推測可能
definite,重複,推測可能
deliberate,重複,推測可能
denial,重複,推測可能
depend on ~,重複,推測可能
depending on ~,重複,
depress,重複,推測可能
deserted,重複,推測可能
desk lamp,重複,推測可能
desktop (computer),重複,推測可能
devote,重複,推測可能
difference (in ~),重複,推測可能
dig up ~,重複,推測可能
diligently,重複,推測可能
dining room,重複,推測可能
directly,重複,推測可能
director,重複,推測可能
disappearance,重複,推測可能
disappointing,重複,推測可能
disastrous,重複,推測可能
discoverer,重複,推測可能
diseased,重複,推測可能
dishwasher,重複,推測可能
dismiss,重複,推測可能
dismissal,重複,推測可能
disposal,重複,推測可能
disturbing,重複,推測可能
divorced,重複,推測可能
do a good job,重複,推測可能
do harm to ~,重複,推測可能
do one's best,重複,推測可能
Do you have a minute?,重複,推測可能
Do you have any ideas?,重複,
do ~ a favor,重複,推測可能
Doctors Without Borders,重複,レア
dominate,重複,推測可能
domination,重複,推測可能
donator,重複,推測可能
double-booking,重複,推測可能
double-edged,重複,推測可能
doublecheck,重複,推測可能
down there,重複,
downstairs,重複,推測可能
drainpipe,重複,推測可能
dramatic,重複,推測可能
draw a picture,重複,推測可能
drawing pin,重複,レア
dreamlike,重複,推測可能
dresser,重複,推測可能
dried seaweed sheet,重複,レア
drive ~ away,重複,推測可能
-driven,重複,レア
drop by ~,重複,推測可能
drop to one's knee,重複,推測可能
drop ~ off,重複,推測可能
dropping,重複,推測可能
due to ~,重複,推測可能
dugong,重複,レア
dullness,重複,推測可能
dusk,重複,推測可能
dustpan,重複,推測可能
each and every,重複,推測可能
eagerly,重複,推測可能
eat at home,重複,推測可能
eat out,重複,推測可能
eat up ~,重複,推測可能
eat ~ all (eat all ~),重複,推測可能
ecological,重複,推測可能
ecologist,重複,推測可能
economical,重複,推測可能
economics,重複,推測可能
edition,重複,推測可能
editor,重複,推測可能
educate,重複,推測可能
educated,重複,推測可能
educational,重複,推測可能
effective (in ~),重複,推測可能
efficiency,重複,推測可能
effortless,重複,推測可能
elbow,重複,推測可能
eliminate,重複,推測可能
elimination,重複,推測可能
embarrass oneself,重複,推測可能
embarrassing,重複,推測可能
emergency fund,重複,推測可能
emit,重複,推測可能
emoticon,重複,推測可能
emotional,重複,推測可能
emotionally,重複,推測可能
employ,重複,推測可能
emptiness,重複,推測可能
enable ~ to do,重複,推測可能
end up,重複,推測可能
end up doing,重複,推測可能
endangered,重複,推測可能
enduring,重複,推測可能
engaged,重複,推測可能
engine,重複,推測可能
English,重複,推測可能
enjoyable,重複,推測可能
enjoyment,重複,推測可能
enormously,重複,推測可能
enthusiastic (about ~),重複,推測可能
enthusiastically,重複,推測可能
entirely,重複,推測可能
entrance,重複,推測可能
envelop,重複,推測可能
envious,重複,推測可能
equip A with B,重複,
equivalent to ~,重複,推測可能
erasable ballpoint pen,重複,レア
erupt,重複,推測可能
established,重複,推測可能
establishment,重複,推測可能
ethical consumption,重複,推測可能
Europe,重複,レア
even more,重複,推測可能
even number,重複,推測可能
(even) though SV,重複,推測可能
evenly,重複,推測可能
event,重複,推測可能
eventually,重複,推測可能
ever after,重複,推測可能
every day,重複,推測可能
every other day,重複,推測可能
every time ...,重複,推測可能
every week,重複,推測可能
every year,重複,推測可能
every ~ years,重複,推測可能
ex-,重複,レア
exact,重複,推測可能
exactly,重複,推測可能
examination,重複,推測可能
exception (to ~),重複,推測可能
excessive,重複,推測可能
excited,重複,推測可能
exciting,重複,推測可能
exclusively,重複,推測可能
Excuse me.,重複,推測可能
exhausted,重複,推測可能
exhaustion,重複,推測可能
expand into ~,重複,推測可能
expect a high (low) of ~,重複,推測可能
experienced,重複,推測可能
expressive,重複,推測可能
extend,重複,推測可能
extension,重複,推測可能
extensive,重複,推測可能
extent,重複,推測可能
external,重複,推測可能
extraordinarily,重複,推測可能
extraterrestrial,重複,推測可能
fabric,重複,推測可能
facecloth,重複,推測可能
facial,重複,推測可能
facial expression,重複,推測可能
fade,重複,推測可能
fade away,重複,推測可能
fade-out,重複,推測可能
Fahrenheit,重複,推測可能
faint,重複,推測可能
fairly,重複,推測可能
fake,重複,推測可能
fall asleep,重複,推測可能
fall down,重複,推測可能
fall in love with ~,重複,推測可能
fall into ~,重複,推測可能
false,重複,推測可能
familiar to ~,重複,推測可能
familiar with ~,重複,推測可能
familiarize oneself with ~,重複,
fan,重複,推測可能
far away from ~,重複,推測可能
fashionable,重複,推測可能
fat,重複,推測可能
fatal,重複,推測可能
favor,重複,推測可能
favorable,重複,推測可能
favorite,重複,推測可能
federal,重複,推測可能
feed,重複,推測可能
feel better,重複,推測可能
feel dizzy (nauseous),重複,推測可能
feel like ...ing,重複,推測可能
feel like doing,重複,推測可能
feel sick,重複,推測可能
felt tip pen,重複,
ferry terminal,重複,推測可能
feverish,重複,推測可能
fierce,重複,推測可能
fiercely,重複,推測可能
figure out ~,重複,推測可能
figure ~ out,重複,推測可能
fill A with B,重複,推測可能
fill up ~,重複,推測可能
filling,重複,推測可能
finally,重複,推測可能
find out ~,重複,推測可能
finding(s),重複,
fine day,重複,
finish up with ~,重複,推測可能
fire engine,重複,推測可能
fire truck,重複,推測可能
firefly,重複,推測可能
fireworks display,重複,推測可能
firmly,重複,推測可能
first aid,重複,推測可能
first thing in the morning,重複,推測可能
first-aid,重複,推測可能
first-class,重複,推測可能
flow chart,重複,推測可能
flowerpot,重複,推測可能
fluently,重複,推測可能
fly into ~,重複,推測可能
focus on ~,重複,推測可能
foggy,重複,推測可能
folkcraft,重複,推測可能
folklore,重複,推測可能
following,重複,推測可能
fond memories,重複,
for a short time,重複,推測可能
for a while,重複,
for example,重複,推測可能
for free,重複,推測可能
for further inquiries,重複,推測可能
for instance,重複,推測可能
for more information,重複,推測可能
for now,重複,推測可能
for oneself,重複,
for starters,重複,
for sure,重複,推測可能
for the first time,重複,推測可能
for years,重複,
for your convenience,重複,推測可能
for your information,重複,推測可能
forbidden,重複,推測可能
foreign currency,重複,推測可能
formerly,重複,推測可能
fortunately,重複,推測可能
-free,重複,レア
freely,重複,推測可能
freeze to death,重複,推測可能
French,重複,推測可能
frequently,重複,推測可能
fresh coffee,重複,
freshman,重複,推測可能
Friday,重複,推測可能
fridge,重複,推測可能
fried,重複,推測可能
fried rice,重複,推測可能
from morning to evening,重複,推測可能
from now on,重複,推測可能
from one's perspective,重複,推測可能
front,重複,推測可能
front door,重複,推測可能
frustrated,重複,推測可能
frustrating,重複,推測可能
frying pan,重複,推測可能
fulfilling,重複,推測可能
fully,重複,推測可能
functional,重複,推測可能
fundamentals,重複,推測可能
fur,重複,推測可能
fur seal,重複,推測可能
furnish,重複,推測可能
further,重複,推測可能
fuss,重複,推測可能
gain,重複,推測可能
gardening,重複,推測可能
gender-free,重複,推測可能
generally,重複,推測可能
geometric,重複,推測可能
German,重複,推測可能
get along with ~,重複,推測可能
get around,重複,
get away from ~,重複,推測可能
get back to ~,重複,
get better,重複,推測可能
get close to ~,重複,推測可能
get dressed,重複,
get hungry,重複,推測可能
get in touch with ~,重複,推測可能
get in ~,重複,
get into ~,重複,
get it right,重複,推測可能
get mad,重複,
get married,重複,推測可能
get married (to ~),重複,推測可能
get off (~),重複,
get on ~,重複,
get out of ~,重複,
get over ~,重複,
get rid of ~,重複,
get sick,重複,推測可能
get some rest,重複,推測可能
get through ~,重複,推測可能
get to ...,重複,
get to know,重複,推測可能
get to ~,重複,
get together,重複,推測可能
get together with ~,重複,推測可能
get up,重複,
get used to ...ing,重複,
get used to ~,重複,
get well,重複,推測可能
get worse,重複,推測可能
give (A) a call,重複,
give (A) a hand,重複,推測可能
give a lecture,重複,推測可能
give a speech,重複,推測可能
give away ~,重複,推測可能
give in,重複,
give it a try,重複,
give out ~,重複,
give up on ~,重複,
give up ~,重複,
give ~ up,重複,
given,重複,推測可能
glance,重複,推測可能
glass-bottom boat,重複,推測可能
globally,重複,推測可能
go ahead,重複,推測可能
go around,重複,
go bad,重複,
go by (~),重複,
go down ~,重複,
go for a walk,重複,推測可能
go for it,重複,
go for ~,重複,
go get ~,重複,
go into training,重複,推測可能
go into ~,重複,
go on,重複,
go on vacation,重複,推測可能
go out,重複,
go out of business,重複,推測可能
go out with ~,重複,
go over ~,重複,
go shopping,重複,推測可能
go the way of ~,重複,
go through ~,重複,推測可能
go to bed,重複,推測可能
go to the office,重複,推測可能
go to the school to vote,重複,推測可能
go to work,重複,推測可能
go to ~,重複,
go toward ~,重複,推測可能
go up,重複,
Good afternoon.,重複,推測可能
Good for you.,重複,推測可能
Good luck!,重複,推測可能
Good morning.,重複,推測可能
goodbye,重複,推測可能
goose bumps,重複,推測可能
gradually,重複,推測可能
grandma,重複,推測可能
grandpa,重複,推測可能
grandparents,重複,推測可能
grate,重複,推測可能
Great job.,重複,推測可能
greatly,重複,推測可能
grieve,重複,推測可能
grocery,重複,推測可能
grown-up,重複,推測可能
Guess what?,重複,推測可能
gun,重複,推測可能
guy,重複,推測可能
gym,重複,推測可能
habitual,重複,推測可能
hair dryer,重複,推測可能
hairbrush,重複,推測可能
half an hour,重複,推測可能
half-price,重複,推測可能
hand out ~,重複,推測可能
hand ~ in,重複,推測可能
hand ~ out,重複,推測可能
handicraft,重複,推測可能
handmade,重複,推測可能
handout,重複,推測可能
hang,重複,推測可能
hangover,重複,推測可能
happen to ...,重複,推測可能
happening,重複,推測可能
happily,重複,推測可能
Happy birthday.,重複,推測可能
hardly,重複,推測可能
harmful (to ~),重複,推測可能
have (程度) to do with ~,重複,
have a blast,重複,
have a break,重複,推測可能
have a cold,重複,推測可能
have a cold (the flu; a fever),重複,推測可能
have a fever,重複,推測可能
have a good sleep,重複,推測可能
have a party,重複,推測可能
have a safe trip,重複,推測可能
Have a seat.,重複,推測可能
have a tendency to ...,重複,推測可能
have a ~ time,重複,推測可能
have an accident,重複,推測可能
have an allergy to ~ (milk; eggs),重複,
have been to ~,重複,
have fun,重複,推測可能
have fun ...ing,重複,推測可能
have no idea,重複,推測可能
have so much fun,重複,推測可能
have ~ for breakfast,重複,推測可能
health and physical education,重複,推測可能
health club,重複,推測可能
hear from ~,重複,推測可能
heat up ~,重複,
heatstroke,重複,推測可能
heavenly,重複,推測可能
hell,重複,推測可能
hello,重複,推測可能
help out,重複,推測可能
Help yourself.,重複,推測可能
Here we are.,重複,推測可能
Here you are.,重複,推測可能
Here's why.,重複,
hey,重複,推測可能
hi,重複,推測可能
hidden,重複,推測可能
high (low) blood pressure,重複,推測可能
highlight,重複,推測可能
highlighter,重複,推測可能
hip hop,重複,
hippopotamus,重複,推測可能
historical,重複,推測可能
hit the spot,重複,推測可能
hives,重複,レア
hold hands,重複,推測可能
hold on,重複,推測可能
home economics,重複,推測可能
homemade,重複,推測可能
homesick,重複,推測可能
honestly,重複,推測可能
hooded sweatshirt,重複,推測可能
hoodie,重複,推測可能
How about if ...?,重複,
How about ~?,重複,
How can I help you?,重複,
How did you come here?,重複,
How do I look?,重複,推測可能
How have you been?,重複,
How is ~ going?,重複,
How often ...?,重複,推測可能
How so?,重複,
how to ...,重複,
how to do,重複,
How's it going?,重複,
humidifier,重複,推測可能
hundreds of ~,重複,
hurry up,重複,推測可能
hydrangea,重複,レア
I agree.,重複,推測可能
I am sure (that) SV,重複,
I bet,重複,推測可能
I can't wait for ~,重複,推測可能
I didn't know that.,重複,
I have an idea.,重複,推測可能
I hope (that ...),重複,推測可能
I see what you mean.,重複,推測可能
I see.,重複,推測可能
"I think so, too.",重複,
I understand.,重複,推測可能
I wonder if ...,重複,推測可能
I'd be happy to ...,重複,推測可能
I'd like to ...,重複,推測可能
I'd say ...,重複,推測可能
I'm afraid ...,重複,推測可能
I'm in.,重複,
I'm not sure.,重複,推測可能
I'm sorry to hear that.,重複,推測可能
I've got to say ...,重複,推測可能
ice cream,重複,推測可能
ice skating,重複,推測可能
idealistic,重複,推測可能
ideally,重複,推測可能
identification,重複,推測可能
illegally,重複,推測可能
illogical,重複,推測可能
imagine ~ ...ing,重複,推測可能
immediately,重複,推測可能
imprison,重複,推測可能
improper,重複,推測可能
improvement,重複,推測可能
in 2020,重複,
in a good mood,重複,推測可能
in a month,重複,推測可能
in a sense,重複,推測可能
in advance,重複,推測可能
in all,重複,
in all directions,重複,
in any case,重複,推測可能
in bulk,重複,
in control of ~,重複,推測可能
in effect,重複,推測可能
in English,重複,推測可能
in exchange for ~,重複,推測可能
in front of ~,重複,推測可能
in front of ~ 355,重複,推測可能
in half,重複,
in honor of ~,重複,推測可能
in memory of ~,重複,推測可能
in my twenties,重複,
in no case,重複,推測可能
in one's free time,重複,推測可能
in one's imagination,重複,推測可能
in one's opinion,重複,推測可能
in operation,重複,推測可能
in person,重複,推測可能
in preference to ~,重複,推測可能
in search of ~,重複,推測可能
in the 2020s[2020's],重複,
in the afternoon,重複,推測可能
in the air,重複,推測可能
in the beginning,重複,推測可能
in the evening,重複,推測可能
in the event of ~,重複,推測可能
in the front of ~,重複,推測可能
in the future,重複,推測可能
in the morning,重複,推測可能
in the past,重複,推測可能
in the same way,重複,推測可能
in the world,重複,推測可能
in this way,重複,
in those days,重複,
in time (for ~),重複,推測可能
in ~ shape,重複,推測可能
inadequate,重複,推測可能
inappropriate,重複,推測可能
incessant,重複,推測可能
incidental,重複,推測可能
incorporate,重複,推測可能
increasingly,重複,推測可能
indication,重複,推測可能
indignant,重複,推測可能
industrial,重複,推測可能
inferior to ~,重複,推測可能
inform (A) (that) SV,重複,
inform (A) of ~,重複,
informative,重複,推測可能
initial,重複,推測可能
initialize,重複,推測可能
initially,重複,推測可能
initiate,重複,推測可能
instinct,重複,推測可能
instinctive,重複,推測可能
institute,重複,推測可能
intend to ...,重複,推測可能
intentionally,重複,推測可能
internally,重複,推測可能
internationally,重複,推測可能
internist,重複,推測可能
invader,重複,推測可能
ironically,重複,推測可能
irony,重複,推測可能
Is that right?,重複,推測可能
Is that so?,重複,
Is that you?,重複,
it comes with ~,重複,
It is a known fact that ...,重複,
It just goes to show that ...,重複,
it seems that ...,重複,
it turns out (that) ...,重複,
It's been a while since ...,重複,
It's good to see you.,重複,推測可能
it's time for ~,重複,推測可能
January,重複,推測可能
Japan Self-Defense Forces,重複,レア
Japanese,重複,推測可能
Japanese history,重複,推測可能
Japanese language,重複,推測可能
Japanese pear,重複,推測可能
Japanese plum (blossoms),重複,
Japanese radish,重複,推測可能
jobless,重複,推測可能
joint lock,重複,推測可能
joyful,重複,推測可能
JSDF,重複,レア
July,重複,推測可能
jump into ~,重複,推測可能
jump out of ~,重複,推測可能
June,重複,推測可能
junior,重複,推測可能
junior high school,重複,推測可能
just about,重複,推測可能
just about everywhere,重複,推測可能
just in case,重複,推測可能
just so you know,重複,推測可能
just then,重複,推測可能
keen,重複,推測可能
keep (A) waiting,重複,推測可能
keep away from ~,重複,推測可能
keep contact with ~,重複,推測可能
keep in mind,重複,推測可能
keep in touch with ~,重複,推測可能
keep on doing,重複,推測可能
keep to ~,重複,推測可能
keep up with ~,重複,推測可能
keep ~ from ...ing,重複,推測可能
keep ~ on hand,重複,推測可能
kin,重複,推測可能
kind-hearted,重複,推測可能
kindly,重複,推測可能
knob,重複,推測可能
knowledgeable,重複,推測可能
knowledgeable (about ~),重複,推測可能
lack,重複,推測可能
lacking,重複,推測可能
lane,重複,推測可能
largely,重複,推測可能
last night,重複,推測可能
last year,重複,推測可能
laugh at ~,重複,推測可能
lay,重複,推測可能
layer,重複,推測可能
laziness,重複,推測可能
LCC,重複,推測可能
leading,重複,推測可能
learn to ...,重複,推測可能
learn to do,重複,推測可能
learning,重複,推測可能
leather shoes,重複,推測可能
leave home,重複,推測可能
leave ~ (場所),重複,推測可能
left-click,重複,推測可能
leftover,重複,推測可能
leisurely,重複,推測可能
let alone ~,重複,推測可能
let me check ~,重複,
Let me know how it goes.,重複,
let ~ know,重複,推測可能
Let's make it ~,重複,
lie down,重複,推測可能
life-size,重複,推測可能
like this,重複,推測可能
like ~ the best,重複,推測可能
limitation,重複,推測可能
limited,重複,推測可能
line (up),重複,推測可能
live with (A),重複,推測可能
live with ~,重複,推測可能
living,重複,推測可能
living room,重複,推測可能
local time,重複,推測可能
logically,重複,推測可能
look after ~,重複,推測可能
look at ~,重複,推測可能
look back on ~,重複,推測可能
look for ~,重複,推測可能
look forward to ~,重複,推測可能
look in ~,重複,推測可能
look like ~,重複,推測可能
look out for ~,重複,推測可能
look out of ~,重複,推測可能
look up,重複,推測可能
look up to ~,重複,推測可能
look ~ up,重複,推測可能
loosen,重複,推測可能
lose one's temper,重複,
loud,重複,推測可能
love affair,重複,推測可能
lovely,重複,推測可能
low-cost,重複,推測可能
low-cost carrier,重複,推測可能
low-priced,重複,推測可能
lower,重複,推測可能
loyalty,重複,推測可能
luckily,重複,推測可能
lucky,重複,推測可能
lunar,重複,推測可能
lunatic,重複,推測可能
lunch special,重複,推測可能
luxurious,重複,推測可能
lyric,重複,推測可能
magnificence,重複,推測可能
mainly,重複,推測可能
maintenance,重複,推測可能
majority,重複,推測可能
make a commitment to ~,重複,推測可能
make a distinction,重複,推測可能
make a nasty remark,重複,推測可能
make a reservation,重複,推測可能
make an effort,重複,推測可能
make an exception,重複,推測可能
make certain that ...,重複,
make friends (with ~),重複,
make good progress,重複,推測可能
make it,重複,
make no exception(s),重複,推測可能
make sense,重複,推測可能
make sure ...,重複,推測可能
make tea,重複,推測可能
make the most of ~,重複,推測可能
make time for ~,重複,推測可能
make up (with ~),重複,
make up for ~,重複,
make up one's mind,重複,
make up ~,重複,
make use of ~,重複,推測可能
make ~ come true,重複,
make ~ for breakfast,重複,推測可能
make-up,重複,推測可能
manipulation,重複,推測可能
mankind,重複,推測可能
manufacturer,重複,推測可能
March,重複,推測可能
marginal,重複,推測可能
mark down ~,重複,推測可能
marked,重複,推測可能
markedly,重複,推測可能
marketing,重複,推測可能
married,重複,推測可能
mass-produce,重複,推測可能
massive,重複,推測可能
materialistic,重複,推測可能
mathematics,重複,推測可能
maturity,重複,推測可能
maximize,重複,推測可能
May I help you?,重複,推測可能
me time,重複,推測可能
mean to ...,重複,推測可能
meaningful,重複,推測可能
meaningless,重複,推測可能
measurement,重複,推測可能
measuring spoon,重複,
mechanical pencil,重複,レア
medical center,重複,推測可能
medium,重複,推測可能
members of the public,重複,推測可能
memo,重複,推測可能
memorial service,重複,推測可能
memorize,重複,推測可能
memory problem,重複,推測可能
menstrual cramps,重複,レア
mentally,重複,推測可能
merchant,重複,推測可能
mere,重複,推測可能
merely,重複,推測可能
messy,重複,推測可能
metropolitan,重複,推測可能
microwave oven,重複,推測可能
middle school,重複,推測可能
midnight,重複,推測可能
mild,重複,推測可能
milestone,重複,推測可能
milkshake,重複,推測可能
millennium,重複,推測可能
millions of ~,重複,
mime,重複,推測可能
-minded,重複,レア
minimize,重複,推測可能
minor,重複,推測可能
mistaken,重複,推測可能
mix A and B,重複,推測可能
mix A with B,重複,推測可能
mixing bowl,重複,推測可能
modernization,重複,推測可能
modernize,重複,推測可能
modification,重複,推測可能
molecular,重複,推測可能
Monday,重複,推測可能
monopolize,重複,推測可能
monthly,重複,推測可能
more and more ~,重複,推測可能
morning glory,重複,レア
mostly,重複,推測可能
motivate,重複,推測可能
movie star,重複,推測可能
movie theater,重複,推測可能
moving,重複,推測可能
multiple,重複,推測可能
multiplication,重複,推測可能
multiply A by B,重複,推測可能
multitude,重複,推測可能
murderer,重複,推測可能
musical,重複,推測可能
myth,重複,推測可能
nap,重複,推測可能
nausea,重複,推測可能
navy,重複,推測可能
neatly,重複,推測可能
necessarily,重複,推測可能
needy,重複,推測可能
newscaster,重複,推測可能
next time,重複,推測可能
next to ~,重複,推測可能
next year,重複,推測可能
Nice to meet you.,重複,推測可能
night,重複,推測可能
no later than ~,重複,
no longer,重複,
no longer ...,重複,
no matter what happens,重複,
No problem.,重複,推測可能
no way,重複,
"No, thank you.",重複,推測可能
non-reserved seat,重複,推測可能
nonfiction,重複,推測可能
northern,重複,推測可能
not ... ever again,重複,推測可能
not ... quite ~,重複,推測可能
not altogether,重複,推測可能
Not at all.,重複,
not feel good,重複,推測可能
not only ~ but (also) ...,重複,推測可能
not quite (as),重複,推測可能
not ~ always,重複,推測可能
not ~ anymore,重複,
notable,重複,推測可能
noticeable,重複,推測可能
nourish,重複,推測可能
November,重複,推測可能
nowadays,重複,推測可能
numerous,重複,推測可能
nursing home,重複,推測可能
nutrient,重複,推測可能
nutritionist,重複,推測可能
nutritious,重複,推測可能
oak,重複,推測可能
oarfish,重複,レア
oatmeal,重複,推測可能
objection (to ~),重複,
oblige,重複,推測可能
obscure,重複,推測可能
observance,重複,推測可能
observer,重複,推測可能
occasional,重複,推測可能
occasionally,重複,推測可能
October,重複,推測可能
odd number,重複,推測可能
of all ages,重複,
offender,重複,推測可能
offensive,重複,推測可能
office administrator,重複,推測可能
office supply,重複,推測可能
offline,重複,推測可能
"Oh, my gosh!",重複,
oil,重複,推測可能
okra,重複,推測可能
old-fashioned,重複,推測可能
old-style,重複,推測可能
Olympic,重複,推測可能
on (the) condition (that) ...,重複,推測可能
on a regular basis,重複,推測可能
on a school trip,重複,推測可能
on behalf of ~,重複,
on business,重複,推測可能
on earth,重複,推測可能
on February 14th,重複,推測可能
on my way to school,重複,
on one's day off,重複,
on one's own,重複,推測可能
on purpose,重複,推測可能
on sale,重複,推測可能
on schedule,重複,推測可能
on the (one's) way to ~,重複,
on the contrary,重複,
on the fence,重複,推測可能
on the go,重複,
on the increase,重複,推測可能
on time,重複,推測可能
on weekdays,重複,
on weekends,重複,
on YouTube,重複,
once upon a time,重複,推測可能
one day,重複,
one of ~,重複,
one summer evening,重複,推測可能
one's hometown,重複,推測可能
(one's) belongings,重複,
one-day,重複,推測可能
only a few,重複,推測可能
open a file,重複,推測可能
orange juice,重複,推測可能
orange osmanthus,重複,レア
order A from B,重複,推測可能
organized,重複,推測可能
orient,重複,推測可能
originally,重複,推測可能
out of breath,重複,推測可能
out of curiosity,重複,推測可能
out of order,重複,推測可能
out of the park,重複,推測可能
out of ~,重複,
outer space,重複,推測可能
over and over,重複,
over the past year,重複,推測可能
over there,重複,
over time,重複,推測可能
overall,重複,推測可能
overhear,重複,推測可能
overview,重複,推測可能
overwrite,重複,推測可能
owing to ~,重複,
own,重複,推測可能
p.m.,重複,レア
paint a picture,重複,推測可能
pale,重複,推測可能
panty stockings,重複,推測可能
paper,重複,推測可能
papers,重複,推測可能
participate in ~,重複,推測可能
particularly,重複,推測可能
partly,重複,推測可能
pass away,重複,推測可能
patiently,重複,推測可能
pave,重複,推測可能
pay attention to ~,重複,推測可能
pay in cash,重複,推測可能
payment,重複,推測可能
PE.,重複,
peach (blossoms),重複,推測可能
peculiar,重複,推測可能
penetrating,重複,推測可能
pensioner,重複,推測可能
people skills,重複,推測可能
pepper mill,重複,推測可能
per person,重複,推測可能
perceptive,重複,推測可能
performance,重複,推測可能
performer,重複,推測可能
permanently,重複,推測可能
person in charge,重複,推測可能
personal computer (PC),重複,推測可能
personality,重複,推測可能
personally,重複,推測可能
phenomena,重複,推測可能
photographer,重複,推測可能
photography,重複,推測可能
physician,重複,推測可能
pick up ~,重複,推測可能
pick ~ up,重複,推測可能
pick ~ up / pick up ~,重複,推測可能
pill bug,重複,推測可能
plainly,重複,推測可能
plan ahead,重複,推測可能
plantation,重複,推測可能
Please be aware that ...,重複,推測可能
pleased,重複,推測可能
pleasing,重複,推測可能
plenty of ~,重複,
polar,重複,推測可能
police car,重複,推測可能
police officer,重複,推測可能
police station,重複,推測可能
politely,重複,推測可能
pose a question,重複,推測可能
possibly,重複,推測可能
Post-it,重複,推測可能
practically,重複,推測可能
prefer ~ to ...,重複,推測可能
preferable,重複,推測可能
prepared,重複,推測可能
prescription medicine,重複,推測可能
presence,重複,推測可能
preservation,重複,推測可能
press conference,重複,推測可能
pressure (on ~),重複,推測可能
pretty good,重複,推測可能
prevail,重複,推測可能
prevent ~ from ...ing,重複,推測可能
previous,重複,推測可能
prey,重複,推測可能
priceless,重複,推測可能
primarily,重複,推測可能
prior to ~,重複,推測可能
probability,重複,推測可能
probable,重複,推測可能
probe,重複,推測可能
productive,重複,推測可能
profoundly,重複,推測可能
prohibited item,重複,推測可能
promising,重複,推測可能
promotion,重複,推測可能
properly,重複,推測可能
prosperous,重複,推測可能
provided,重複,推測可能
provision,重複,推測可能
psychologically,重複,推測可能
publication,重複,推測可能
publicity,重複,推測可能
publisher,重複,推測可能
publishing,重複,推測可能
purely,重複,推測可能
put a smile on one's face,重複,推測可能
put down ~,重複,
put in ~,重複,
put off ~,重複,
put on ~,重複,
put up with ~,重複,
put ~ away,重複,推測可能
put ~ in the mail,重複,推測可能
put ~ into practice,重複,推測可能
put ~ off,重複,
put ~ on,重複,
put ~ to good use,重複,推測可能
put ~ together,重複,推測可能
puzzling,重複,推測可能
quickly,重複,推測可能
quite a few,重複,推測可能
rain check,重複,推測可能
rainy,重複,推測可能
random,重複,推測可能
rapidly,重複,推測可能
rarely,重複,推測可能
rational,重複,推測可能
raw,重複,推測可能
ray,重複,推測可能
reach out for ~,重複,推測可能
read up on ~,重複,推測可能
readily,重複,推測可能
reading,重複,推測可能
real-life,重複,推測可能
reasonably,重複,推測可能
reboot,重複,推測可能
record-holder,重複,推測可能
recycling center,重複,推測可能
red bean,重複,推測可能
red meat,重複,推測可能
red snapper,重複,推測可能
refer to ~ as ...,重複,推測可能
reflection,重複,推測可能
refrain from ...ing,重複,
refreshment,重複,推測可能
regarding,重複,推測可能
regional,重複,推測可能
registration,重複,推測可能
regularly,重複,推測可能
rejection,重複,推測可能
relatively,重複,推測可能
relaxation,重複,推測可能
relaxed,重複,推測可能
relaxing,重複,推測可能
release A from B,重複,推測可能
reliability,重複,推測可能
reluctantly,重複,推測可能
rely on (upon) ~,重複,推測可能
remainder,重複,推測可能
remains,重複,推測可能
remarkably,重複,推測可能
remind oneself,重複,推測可能
remind ~ of ...,重複,推測可能
remote working,重複,推測可能
rental,重複,推測可能
replace ~ with ...,重複,推測可能
replacement,重複,推測可能
reportedly,重複,推測可能
representation,重複,推測可能
representative,重複,推測可能
reserved seat,重複,推測可能
resignation,重複,推測可能
resourceful,重複,推測可能
respectable,重複,推測可能
respectful,重複,推測可能
respectively,重複,推測可能
restoration,重複,推測可能
resumption,重複,推測可能
retail,重複,推測可能
retention,重複,推測可能
retired,重複,推測可能
retirement account,重複,推測可能
reuse,重複,推測可能
revealing,重複,推測可能
revolution,重複,推測可能
rewarding,重複,推測可能
rewrite,重複,推測可能
rice cooker,重複,推測可能
right away,重複,推測可能
right now,重複,推測可能
right-click,重複,推測可能
right-handed,重複,推測可能
rigid,重複,推測可能
rise,重複,推測可能
rob,重複,推測可能
robber,重複,推測可能
robbery,重複,推測可能
rock music,重複,推測可能
roll out ~,重複,推測可能
roll ~ into ...,重複,推測可能
rolling pin,重複,推測可能
roly-poly,重複,レア
ropeway,重複,レア
roughly,重複,推測可能
row,重複,推測可能
royalty,重複,推測可能
rub,重複,推測可能
rubber,重複,推測可能
run back to ~,重複,推測可能
run into ~,重複,推測可能
run out of ~,重複,推測可能
running,重複,推測可能
runway,重複,推測可能
sadly,重複,推測可能
safely,重複,推測可能
safety,重複,推測可能
sales,重複,推測可能
salesperson,重複,推測可能
salmon roe,重複,レア
sane,重複,推測可能
satellite imagery,重複,推測可能
satisfactory,重複,推測可能
satisfying,重複,推測可能
Saturday,重複,推測可能
saucer,重複,推測可能
saving,重複,推測可能
saying,重複,推測可能
scarab beetle,重複,レア
scared,重複,推測可能
scheme,重複,推測可能
scholarship,重複,推測可能
scientific,重複,推測可能
scold,重複,推測可能
scope,重複,推測可能
scrape,重複,推測可能
screw,重複,推測可能
script,重複,推測可能
scroll,重複,推測可能
seaside,重複,推測可能
seasonal,重複,推測可能
seasoning,重複,推測可能
second-hand,重複,推測可能
secondhand,重複,推測可能
security guard,重複,推測可能
see each other,重複,推測可能
see if SV,重複,推測可能
seedless,重複,推測可能
seedy,重複,推測可能
seem to ...,重複,推測可能
seemingly,重複,推測可能
seldom,重複,推測可能
selection,重複,推測可能
send,重複,推測可能
senior citizen,重複,推測可能
sense of beauty,重複,推測可能
sensory,重複,推測可能
September,重複,推測可能
serve as ~,重複,推測可能
server,重複,推測可能
severely,重複,推測可能
shameful,重複,推測可能
shed,重複,推測可能
sheer,重複,推測可能
short-neck clam,重複,推測可能
short-sleeved shirt,重複,推測可能
shortly,重複,推測可能
shoulder bag,重複,推測可能
show up,重複,推測可能
show ~ around,重複,推測可能
shyness,重複,推測可能
sickness,重複,推測可能
sign language,重複,推測可能
sign up,重複,推測可能
significantly,重複,推測可能
simply,重複,推測可能
single,重複,推測可能
skateboarding,重複,推測可能
skiing,重複,推測可能
skilled,重複,推測可能
skillfully,重複,推測可能
skip,重複,推測可能
skyrocket,重複,推測可能
slash,重複,推測可能
slavery,重複,推測可能
sleeper train,重複,推測可能
sleeping bag,重複,推測可能
sleepy,重複,推測可能
sleeveless shirt,重複,推測可能
sliced,重複,推測可能
slope,重複,推測可能
slowly,重複,推測可能
sluggish,重複,推測可能
smelly,重複,推測可能
sneak,重複,推測可能
snowboarding,重複,推測可能
snowy,重複,推測可能
so far,重複,推測可能
soak,重複,推測可能
social studies,重複,推測可能
socks,重複,推測可能
sofa,重複,推測可能
solar,重複,推測可能
someday,重複,推測可能
somehow,重複,推測可能
sometime,重複,推測可能
sooner or later,重複,
soothe,重複,推測可能
sophomore,重複,推測可能
sorely,重複,推測可能
sorrowful,重複,推測可能
sorry,重複,推測可能
sort through ~,重複,推測可能
sound like ~,重複,推測可能
Sounds great!,重複,推測可能
south,重複,推測可能
soy sauce,重複,
soybean,重複,推測可能
spaceship,重複,推測可能
speaking of ~,重複,
special offer,重複,推測可能
specifically,重複,推測可能
spectator,重複,推測可能
spill,重複,推測可能
spiritual,重複,推測可能
split,重複,推測可能
spoil,重複,推測可能
sponge,重複,推測可能
spoonful,重複,推測可能
sprain,重複,推測可能
spring,重複,推測可能
squash,重複,推測可能
squeeze,重複,推測可能
squid,重複,推測可能
squirrel,重複,推測可能
stag beetle,重複,レア
stalk,重複,推測可能
stand out,重複,推測可能
stand up,重複,推測可能
starch,重複,推測可能
stare,重複,推測可能
starfish,重複,推測可能
start ...ing,重複,推測可能
start an application,重複,推測可能
start off with ~,重複,推測可能
start small,重複,推測可能
statesman,重複,推測可能
statistics,重複,推測可能
stay active,重複,推測可能
stay away (from ~),重複,推測可能
stay healthy,重複,推測可能
stay home,重複,推測可能
stay in bed,重複,推測可能
stay in shape,重複,推測可能
stay up,重複,推測可能
stay with (A),重複,推測可能
stay with ~,重複,推測可能
steadily,重複,推測可能
step by step,重複,推測可能
stick to ~,重複,推測可能
stiff shoulder,重複,推測可能
stimulant,重複,推測可能
stimulating,重複,推測可能
stimulation,重複,推測可能
stink bug,重複,推測可能
stir,重複,推測可能
stir-fry,重複,推測可能
stockings,重複,推測可能
stop at ~,重複,推測可能
stop by ~,重複,推測可能
stop doing,重複,推測可能
storage,重複,推測可能
storeroom,重複,推測可能
storyline,重複,推測可能
storyteller,重複,推測可能
strategic,重複,推測可能
streaming,重複,推測可能
strengthen,重複,推測可能
stressed,重複,推測可能
stressful,重複,推測可能
strictly,重複,推測可能
strive,重複,推測可能
studying,重複,推測可能
stuffed,重複,推測可能
stupid,重複,推測可能
subjective,重複,推測可能
subscribe,重複,推測可能
substantial,重複,推測可能
substantially,重複,推測可能
subtropical,重複,推測可能
successfully,重複,推測可能
sudden,重複,推測可能
suffer from ~,重複,推測可能
suffering,重複,推測可能
suitable (for ~),重複,推測可能
summarize,重複,推測可能
sun protection,重複,推測可能
sun-damaged,重複,推測可能
Sunday,重複,推測可能
sunrise,重複,推測可能
sunscreen,重複,推測可能
sunset,重複,推測可能
sunshine,重複,推測可能
superior,重複,推測可能
supper,重複,推測可能
supporter,重複,推測可能
supportive,重複,推測可能
surgical,重複,推測可能
surprised,重複,推測可能
surprisingly,重複,推測可能
surrounding,重複,推測可能
surroundings,重複,推測可能
sustain,重複,推測可能
swallow,重複,推測可能
sweat,重複,推測可能
sweatshirt,重複,推測可能
sweep,重複,推測可能
sweet sake,重複,レア
sweet tooth,重複,推測可能
swimming pool,重複,推測可能
swimsuit,重複,推測可能
swing,重複,推測可能
systematic,重複,推測可能
take a bath,重複,推測可能
take a break,重複,推測可能
take a look,重複,推測可能
take a look (at ~),重複,推測可能
take a picture (of ~),重複,推測可能
take a test,重複,推測可能
take A to B,重複,
take action,重複,推測可能
take advantage of ~,重複,推測可能
take away ~,重複,推測可能
take care of ~,重複,推測可能
Take care.,重複,推測可能
take down ~,重複,
take in ~,重複,
take it easy,重複,
take it slow,重複,
take off,重複,
take one's temperature,重複,
take over ~,重複,
take part in ~,重複,推測可能
take the place of ~ / take one's place,重複,
take the train (to ~),重複,推測可能
take time to ...,重複,推測可能
take up ~,重複,
take ~ apart,重複,
take ~ around,重複,
take ~ for granted,重複,
take ~ off,重複,
talented,重複,推測可能
talkative,重複,推測可能
tank top,重複,推測可能
tasty,重複,推測可能
tax-free,重複,推測可能
teach,重複,推測可能
teacher,重複,推測可能
team-building,重複,推測可能
tear,重複,推測可能
technological,重複,推測可能
teenage,重複,推測可能
tempting,重複,推測可能
tend to ...,重複,推測可能
tendency (to do),重複,推測可能
terribly,重複,推測可能
territorial,重複,推測可能
terrorism,重複,推測可能
text message,重複,推測可能
thankful,重複,推測可能
thanks for ~,重複,推測可能
thanks to ~,重複,推測可能
That makes sense.,重複,
that place,重複,推測可能
That would be great.,重複,
That's a good deal.,重複,推測可能
That's all for ~,重複,
That's fine with me.,重複,
the Buddhist faith,重複,レア
the countryside,重複,推測可能
the day after tomorrow,重複,
the equator,重複,レア
the era name,重複,レア
the flu,重複,推測可能
the following day,重複,推測可能
the last time ...,重複,推測可能
the middle class,重複,推測可能
the odds,重複,
the other day,重複,推測可能
the other way around,重複,
the same,重複,推測可能
the Statue of Liberty,重複,レア
the upper class,重複,推測可能
there can be no doubt that ...,重複,
there is a good chance (that) ...,重複,推測可能
things to write with,重複,推測可能
think (that) SV,重複,推測可能
think about ~,重複,推測可能
think of ~ as ...,重複,推測可能
think over ~ (think ~ over),重複,推測可能
thinner,重複,推測可能
throughout,重複,推測可能
throughout one's life,重複,推測可能
throughout the year,重複,推測可能
throw up,重複,推測可能
throw ~ away,重複,推測可能
thumbtack,重複,レア
thunderstorm,重複,推測可能
Thursday,重複,推測可能
ticket counter,重複,
tide,重複,推測可能
tie-breaking,重複,推測可能
tighten,重複,推測可能
time away,重複,推測可能
Time flies.,重複,推測可能
timetable,重複,推測可能
tired,重複,推測可能
to be honest,重複,推測可能
to name a few,重複,推測可能
to one's best knowledge,重複,推測可能
tolerable,重複,推測可能
tolerant,重複,推測可能
toll,重複,推測可能
tonight,重複,推測可能
toothache,重複,推測可能
toothbrush,重複,推測可能
toothpaste,重複,推測可能
toothpick,重複,推測可能
toss ~ down,重複,推測可能
totally,重複,推測可能
tourism,重複,推測可能
toxic,重複,推測可能
trace,重複,推測可能
track and field,重複,推測可能
traditionally,重複,推測可能
traffic jam,重複,推測可能
trailer,重複,推測可能
trainer,重複,推測可能
training,重複,推測可能
transfer,重複,推測可能
transformation,重複,推測可能
translation,重複,推測可能
translator,重複,推測可能
transmit,重複,推測可能
travel(ing),重複,推測可能
treasurer,重複,推測可能
tremendously,重複,推測可能
trendy,重複,推測可能
triangle,重複,推測可能
triathlon,重複,レア
tribe,重複,推測可能
triumph,重複,推測可能
trousers,重複,推測可能
true to life,重複,推測可能
truly,重複,推測可能
trumpet,重複,推測可能
trunks,重複,推測可能
trustworthy,重複,推測可能
try one's best,重複,推測可能
try ~ on (try on ~),重複,推測可能
Tuesday,重複,推測可能
tune,重複,推測可能
turban shell,重複,レア
turn off ~ (turn ~ off),重複,推測可能
turn on silent mode,重複,
turn out ~,重複,推測可能
turn ~ around,重複,推測可能
turn ~ on,重複,推測可能
turn ~ over,重複,推測可能
turnip,重複,推測可能
twist one's ~ (ankle; wrist),重複,推測可能
typically,重複,推測可能
ultimately,重複,推測可能
unaware,重複,推測可能
unbelievable,重複,推測可能
uncountable,重複,推測可能
uncover,重複,推測可能
unfamiliar,重複,推測可能
unfold,重複,推測可能
unforgettable,重複,推測可能
unfortunately,重複,推測可能
uniform,重複,推測可能
unimportant,重複,推測可能
unique to ~,重複,推測可能
uniquely,重複,推測可能
uniqueness,重複,推測可能
united,重複,推測可能
universal,重複,推測可能
unkind,重複,推測可能
unlikely,重複,推測可能
unnatural,重複,推測可能
unnecessary,重複,推測可能
unpleasant,重複,推測可能
up and down,重複,
up for ~,重複,
up there,重複,
up to ~,重複,
up-to-date,重複,推測可能
upsetting,重複,推測可能
upstairs,重複,推測可能
useless,重複,推測可能
usually,重複,推測可能
utilize,重複,推測可能
utter,重複,推測可能
vacuum cleaner,重複,
vague,重複,推測可能
vain,重複,推測可能
valid,重複,推測可能
van,重複,推測可能
vanish,重複,推測可能
variation,重複,推測可能
verbally,重複,推測可能
version,重複,推測可能
vertical,重複,推測可能
vice,重複,推測可能
video,重複,推測可能
vigorously,重複,推測可能
virtually,重複,推測可能
visually,重複,推測可能
vitality,重複,推測可能
vitalize,重複,推測可能
vividly,重複,推測可能
voluntary,重複,推測可能
vulnerability,重複,推測可能
wake up,重複,推測可能
wake-up call,重複,
walking,重複,推測可能
walking shoes,重複,推測可能
walrus,重複,推測可能
wander,重複,推測可能
warn that ...,重複,推測可能
washing machine,重複,推測可能
wasteful,重複,推測可能
watch one's step,重複,推測可能
weaken,重複,推測可能
weakness,重複,推測可能
wealthy,重複,推測可能
weave,重複,推測可能
weekend crowd,重複,推測可能
weekly,重複,推測可能
weigh in,重複,推測可能
weigh oneself,重複,推測可能
Welcome aboard.,重複,推測可能
welcome to ~,重複,推測可能
well done,重複,推測可能
well-being,重複,推測可能
well-known,重複,推測可能
west,重複,推測可能
What a surprise!,重複,推測可能
What about you?,重複,
What else?,重複,推測可能
what is called ...,重複,
What's all this?,重複,
What's new with you?,重複,
What's new?,重複,推測可能
What's up?,重複,
What's wrong?,重複,
What's your take on it?,重複,
whip,重複,推測可能
whistle,重複,推測可能
white rice,重複,推測可能
whiteout,重複,推測可能
wholesale,重複,推測可能
widely,重複,推測可能
Will do.,重複,
Will you do me a favor?,重複,
willingly,重複,推測可能
willingness (to do),重複,
win,重複,推測可能
windy,重複,推測可能
wipe,重複,推測可能
wiper,重複,推測可能
wire,重複,推測可能
with a sense of ~,重複,推測可能
with no concerns,重複,
withdrawal,重複,推測可能
within,重複,推測可能
wooden,重複,推測可能
work at (場所),重複,推測可能
work for ~,重複,推測可能
work on ~,重複,推測可能
work out ~,重複,推測可能
work overtime,重複,推測可能
work something out,重複,推測可能
workday,重複,推測可能
workload,重複,推測可能
world affairs,重複,推測可能
world history,重複,推測可能
world-renowned,重複,推測可能
worried,重複,推測可能
wrestler,重複,推測可能
yeah,重複,推測可能
year after year,重複,推測可能
yell,重複,推測可能
You are something else.,重複,推測可能
you know,重複,推測可能
You mean ...?,重複,推測可能
you'll see,重複,推測可能
young yellowtail,重複,推測可能
younger,重複,推測可能
"Yours truly,",重複,推測可能
(比率) percent,重複,
anybody,代名詞,
anything,代名詞,
anywhere,代名詞,
each other,代名詞,
everybody,代名詞,
everyone,代名詞,
everything,代名詞,
everywhere,代名詞,
no one,代名詞,
nobody,代名詞,
one another,代名詞,
somebody,代名詞,
someone,代名詞,
something,代名詞,
a few,文法,
a little,文法,
a lot,文法,
about,文法,
above,文法,
across,文法,
again,文法,
against,文法,
ago,文法,
air,文法,
all right,文法,
allow,文法,
along,文法,
already,文法,
also,文法,
although,文法,
although SV,文法,
always,文法,
and so on,文法,
another,文法,
answer,文法,
anyway,文法,
as S can,文法,
as soon as ~,文法,
as well,文法,
at first,文法,
at last,文法,
at least,文法,
at most,文法,
at once,文法,
away,文法,
be able to do,文法,
be going to do,文法,
be supposed to ...,文法,
be unable to do,文法,
because,文法,
because of ~,文法,
before,文法,
between A and B,文法,
both A and B,文法,
could,文法,
each,文法,
either,文法,
either A or B,文法,
else,文法,
even,文法,
even if ...,文法,
ever,文法,
every,文法,
except,文法,
first of all,文法,
had better ...,文法,
have got to ...,文法,
have to do,文法,
here,文法,
how much,文法,
however,文法,
in addition,文法,
in fact,文法,
in order to ...,文法,
in spite of ~,文法,
in that ...,文法,
in the end,文法,
in time,文法,
including,文法,
indeed,文法,
just,文法,
kind of,文法,
least,文法,
less,文法,
lot,文法,
many,文法,
more,文法,
moreover,文法,
most,文法,
most of all,文法,
much,文法,
never,文法,
not at all,文法,
now,文法,
often,文法,
on the other hand,文法,
one,文法,
only,文法,
or so,文法,
other,文法,
others,文法,
otherwise,文法,
over,文法,
per,文法,
several,文法,
since,文法,
sometimes,文法,
soon,文法,
such,文法,
such as ~,文法,
then,文法,
therefore,文法,
these days,文法,
thus,文法,
today,文法,
together,文法,
tomorrow,文法,
toward,文法,
unless,文法,
used to,文法,
very,文法,
via,文法,
well,文法,
whenever,文法,
whereas,文法,
whether,文法,
would rather ... than ~,文法,
would rather not ...,文法,
yesterday,文法,
Wednesday,,
abalone,,
abandon,,
abandoned,,
ability,,
able,,
abolish,,
abolishment,,
abound,,
abroad,,
absence,,
absolute,,
absolutely,,
abstract,,
abundant,,
abuse,,
accept,,
acceptable,,
acceptance,,
access,,
accessory,,
accident,,
accidental,,
accidentally,,
accommodation,,
accompany,,
accomplish,,
account,,
accounting,,
accumulate,,
accumulation,,
accuracy,,
accurate,,
accurately,,
accuse,,
ache,,
achieve,,
achievement,,
acknowledge,,
acquire,,
acquisition,,
across from ~,,
act,,
act as ~,,
action,,
activate,,
active,,
activity,,
actual,,
actually,,
ad,,
adapt,,
add,,
addicted,,
addition,,
additional,,
additionally,,
address,,
adequate,,
adjust,,
adjustment,,
administer,,
administration,,
administrative,,
admiration,,
admire,,
admission,,
admit,,
adolescent,,
adopt,,
adoption,,
adult,,
advance,,
advanced,,
advantage,,
adventure,,
adventurous,,
advertise,,
advertisement,,
advertising,,
advice,,
advise,,
advise (A) to do,,
affair,,
affect,,
affection,,
afford,,
affordable,,
afraid,,
after all,,
afternoon,,
afterward,,
agency,,
agent,,
aggressive,,
aggressiveness,,
agreement,,
aid,,
aim,,
aircraft,,
airplane,,
airport,,
aisle,,
album,,
alcohol,,
alert,,
algebra,,
alive,,
alligator,,
allowance,,
almond,,
almost,,
alternate,,
ambassador,,
ambition,,
ambitious,,
ambulance,,
amount,,
an anticancer drug,,
analysis,,
analyze,,
ancestor,,
ancient,,
anemia,,
angle,,
animal,,
anime,,
ankle,,
anniversary,,
announce,,
announcement,,
ant,,
anxiety,,
apartment,,
appear,,
appearance,,
appetizer,,
apple,,
appliance,,
applicant,,
application,,
apply,,
apply for ~,,
appoint,,
appointment,,
appreciation,,
approach,,
approval,,
April,,
archery,,
architect,,
architecture,,
Are you kidding me?,,
area,,
argue,,
argument,,
arise,,
arithmetic,,
arm,,
armchair,,
army,,
aroma,,
arrange,,
arrangement,,
arrest,,
arrival,,
art,,
art gallery,,
article,,
artificial,,
artistic,,
arts and crafts,,
ascend,,
ashamed,,
Asia,,
Asian,,
asparagus,,
aspect,,
aspiration,,
assess,,
assessment,,
assign,,
assignment,,
assist,,
assistance,,
assistant,,
assume,,
assumption,,
assurance,,
asthma,,
astonishment,,
astronaut,,
astronomer,,
astronomy,,
asymmetry,,
atmosphere,,
atom,,
atopy,,
attack,,
attempt,,
attendance,,
attitude,,
attorney,,
attract,,
attraction,,
attractive,,
audience,,
auditorium,,
August,,
aunt,,
author,,
autobiography,,
automatic,,
automobile,,
autumn,,
average,,
avid,,
avocado,,
avoid,,
awake,,
awareness,,
azalea,,
back and forth,,
background,,
backpack,,
badly,,
badminton,,
bag,,
baggage,,
baggage claim,,
balcony,,
ball,,
ban,,
banana,,
band,,
bandage,,
basement,,
basis,,
bathroom,,
bathtub,,
beach,,
bean,,
bean paste (miso),,
bean sprout,,
bear,,
beauty,,
become,,
bed,,
bedroom,,
bee,,
beef,,
beetle,,
begin,,
beginner,,
beginning,,
behavior,,
belief,,
bell,,
belonging,,
below,,
bench,,
bend,,
beneficial,,
benefit,,
benefits,,
besides,,
bet,,
better,,
beverage,,
bicycle,,
big,,
bike,,
bilingual,,
bill,,
billion,,
biodiversity,,
biography,,
biology,,
birthday,,
bite,,
bitter,,
blame,,
blend,,
blender,,
blind,,
block,,
blood pressure,,
blood vessel,,
bloom,,
blouse,,
blow,,
blueberry,,
board,,
boat,,
body,,
body temperature,,
bomb,,
bond,,
bondage,,
bonito,,
book,,
bookcase,,
boost,,
border,,
bore,,
bored,,
boring,,
borrow,,
boss,,
bottom,,
boundary,,
bow,,
bowl,,
box,,
box cutter,,
boy,,
boyfriend,,
brain,,
branch,,
brand,,
bread,,
break down,,
breakfast,,
breakthrough,,
breath,,
breathe,,
breathtaking,,
breed,,
breeze,,
brick,,
bricklayer,,
bride,,
bridegroom,,
bridge,,
brief,,
brilliance,,
brilliant,,
broad,,
broad-minded,,
broadcast,,
broaden,,
broccoli,,
broil,,
broken,,
broom,,
brother,,
brown,,
brown rice,,
browse,,
bruise,,
budget,,
buffet,,
bug,,
builder,,
building,,
bulldozer,,
bullet train,,
bully,,
bullying,,
burden,,
bury,,
bus,,
bus station,,
busy,,
butter,,
butterfly,,
button,,
cab,,
cabinet,,
cafeteria,,
cake,,
calculator,,
calm,,
calmly,,
calmness,,
camel,,
camp,,
campaign,,
campfire,,
campground,,
campsite,,
canal,,
cancer,,
candy,,
candy store,,
canoe,,
canola flower,,
cap,,
capable,,
capacity,,
capitalism,,
captain,,
capybara,,
career,,
careless,,
caring,,
carnation,,
carrot,,
cartoon,,
cartoonist,,
case,,
cashew nut,,
cast,,
castle,,
category,,
caterpillar,,
cattle,,
cauliflower,,
caution,,
cavity,,
cease,,
ceiling,,
celebrate,,
celebration,,
celebrity,,
cell,,
Celsius,,
center,,
centimeter,,
centipede,,
century,,
ceremony,,
certain,,
certainly,,
chair,,
challenge,,
challenging,,
championship,,
chaotic,,
chapter,,
character,,
characteristic,,
charge,,
charity,,
charm,,
charming,,
chase,,
chat,,
cheap,,
cheating,,
cheek,,
cheerful,,
chef,,
chemical,,
chemist,,
chemistry,,
chemotherapy,,
cherish,,
chest,,
chestnut,,
chicken,,
chief,,
child,,
childhood,,
chimney,,
chimpanzee,,
chin,,
chocolate,,
choose,,
chopsticks,,
chrysanthemum,,
cicada,,
circumstance,,
citizen,,
citizenship,,
city,,
claim,,
clam,,
clarify,,
clarity,,
classify,,
clever,,
client,,
climate,,
clip,,
clock,,
club,,
clue,,
clutter,,
co-worker,,
coal,,
coat,,
cockroach,,
cod,,
code,,
coelacanth,,
coexist,,
cognitive,,
colander,,
colleague,,
collect,,
collection,,
college,,
color,,
colorful,,
column,,
comb,,
comedy,,
comfort,,
comfortable,,
command,,
comment,,
commerce,,
commit,,
commitment,,
committee,,
commodity,,
common,,
communicate,,
communication,,
community,,
commute,,
commuter,,
companion,,
company,,
compare,,
comparison,,
compassion,,
compete,,
competent,,
competition,,
competitive,,
competitor,,
complain,,
complaint,,
complete,,
complex,,
complicated,,
component,,
compose,,
composer,,
composition,,
compound,,
comprehend,,
comprehension,,
comprehensive,,
computer,,
conceal,,
conceive,,
concentrate,,
concentration,,
concept,,
concern,,
concert,,
condition,,
conduct,,
conductor,,
cone,,
confess,,
confession,,
confidence,,
confident,,
confirm,,
conflict,,
confuse,,
conger eel,,
congratulation,,
connect,,
connection,,
conquer,,
conscious,,
consensus,,
consent,,
consequence,,
conservation,,
conservative,,
conserve,,
consider,,
considerable,,
considerate,,
consideration,,
consist,,
consistent,,
construct,,
construction,,
constructive,,
consult,,
consultation,,
consume,,
consumer,,
consumption,,
contact,,
contain,,
container,,
contemporary,,
content,,
contest,,
context,,
continent,,
continue,,
contract,,
contrast,,
contribute,,
contribution,,
control,,
controversial,,
controversy,,
convenience,,
convenient,,
convention,,
conventional,,
convey,,
convince,,
convincing,,
cook,,
cookie,,
cool,,
cooperate,,
cooperation,,
coordinate,,
cop,,
cope,,
copy,,
copyright,,
coral reef,,
corn,,
corner,,
corporate,,
corporation,,
correspond,,
cosmos,,
cost,,
cotton,,
couch,,
cough,,
council,,
count,,
country,,
couple,,
courage,,
courageous,,
court,,
cousin,,
cover,,
cow,,
crab,,
crack,,
craft,,
craftspeople,,
crane,,
crash,,
crawl,,
crazy,,
cream,,
create,,
creation,,
creative,,
creativity,,
creature,,
credit,,
crew,,
cricket,,
crime,,
criminal,,
crisis,,
critic,,
critical,,
criticism,,
criticize,,
crocodile,,
crop,,
cross,,
crowd,,
crowd funding,,
crowded,,
crucial,,
cruelty,,
cruise,,
crush,,
cry,,
cucumber,,
cuisine,,
cultivate,,
cultural,,
culture,,
cup,,
cupboard,,
cure,,
curfew,,
curiosity,,
curious,,
curling,,
currency,,
current,,
curry,,
curtain,,
custom,,
customer,,
cute,,
cutting board,,
cutting-edge,,
cyberbullying,,
cycling,,
dahlia,,
daily,,
dairy,,
damage,,
dancing,,
dandelion,,
danger,,
dangerous,,
dark,,
date,,
daughter,,
dawn,,
deadline,,
deal,,
death,,
debate,,
debris,,
debt,,
decade,,
decay,,
deceive,,
December,,
decent,,
decide,,
decision,,
decisive,,
declare,,
decline,,
decrease,,
dedicate,,
deep,,
defeat,,
defend,,
defense,,
define,,
definitely,,
definition,,
degree,,
delay,,
deliberately,,
delicacy,,
delicate,,
delicious,,
delight,,
delighted,,
delightful,,
deliver,,
delivery,,
demand,,
demonstrate,,
demonstration,,
dentist,,
deny,,
depart,,
department,,
department store,,
departure,,
depend,,
dependent,,
deposit,,
depressed,,
depression,,
deprive,,
derive,,
describe,,
description,,
desert,,
deserve,,
design,,
desire,,
desk,,
dessert,,
destination,,
destiny,,
destroy,,
destruction,,
detail,,
detect,,
detective,,
determination,,
determine,,
develop,,
developed,,
developing,,
development,,
device,,
devoted,,
devotion,,
diabetes,,
dialect,,
dialogue,,
diarrhea,,
diary,,
die,,
diet,,
differ,,
difference,,
different,,
difficult,,
difficulty,,
dig,,
digest,,
digital,,
dignity,,
diligence,,
diligent,,
dinner,,
direct,,
direction,,
dirty,,
disability,,
disabled,,
disadvantage,,
disagree,,
disappear,,
disappoint,,
disappointed,,
disappointment,,
disaster,,
discipline,,
discount,,
discourage,,
discover,,
discovery,,
discriminate,,
discrimination,,
discuss,,
discussion,,
disease,,
dish,,
dishonest,,
dislike,,
disorder,,
display,,
dispute,,
distance,,
distant,,
distinct,,
distinction,,
distinctive,,
distinguish,,
distract,,
distraction,,
distribute,,
distribution,,
district,,
disturb,,
disturbance,,
diverse,,
diversity,,
divide,,
division,,
divorce,,
dizzy,,
doctor,,
document,,
documentary,,
doll,,
dollar,,
dolphin,,
domestic,,
dominant,,
donate,,
donation,,
donor,,
door,,
doormat,,
dormitory,,
doubt,,
downsize,,
downtown,,
drag,,
dragonfly,,
drain,,
drama,,
draw,,
drawer,,
dream,,
dress,,
drill,,
drive,,
drop,,
drown,,
drug,,
drum,,
dryer,,
duck,,
due,,
dull,,
during,,
duty,,
dye,,
eager,,
ear,,
early,,
earn,,
earrings,,
earth,,
earthquake,,
earthworm,,
easily,,
east,,
easy,,
eat,,
eco-friendly,,
ecology,,
economy,,
edge,,
edit,,
education,,
eel,,
effect,,
effective,,
efficient,,
effort,,
egg,,
eggplant,,
elder,,
elderly,,
elect,,
election,,
electric,,
electric guitar,,
electricity,,
electronic,,
element,,
elementary,,
elephant,,
elevator,,
email,,
embarrass,,
embarrassment,,
embrace,,
emerge,,
emergency,,
emotion,,
empathy,,
emphasis,,
emphasize,,
empire,,
employee,,
employer,,
employment,,
empty,,
enable,,
enchant,,
encounter,,
encourage,,
encouragement,,
end,,
endanger,,
endure,,
enemy,,
energetic,,
energy,,
engage,,
engagement,,
engineering,,
enhance,,
enjoy,,
enormous,,
enough,,
ensure,,
enter,,
entertain,,
entertainer,,
entertaining,,
entertainment,,
enthusiasm,,
enthusiastic,,
entrepreneur,,
entry,,
environment,,
environmental,,
environmentalist,,
envy,,
equal,,
equality,,
equipment,,
equivalent,,
era,,
eraser,,
escape,,
especially,,
essay,,
essence,,
essential,,
establish,,
estimate,,
ethics,,
ethnic,,
evacuate,,
evaluate,,
evaluation,,
evening,,
evidence,,
evident,,
evil,,
evolution,,
examine,,
example,,
excellent,,
exception,,
exceptional,,
exchange,,
exclude,,
exclusive,,
excuse,,
execute,,
execution,,
executive,,
exercise,,
exhaust,,
exhibit,,
exhibition,,
exist,,
existence,,
exotic,,
expand,,
expansion,,
expect,,
expectation,,
expense,,
expensive,,
experience,,
experiment,,
expire,,
explain,,
explanation,,
exploration,,
explore,,
explorer,,
export,,
expose,,
exposure,,
express,,
expression,,
extinct,,
extinction,,
extra,,
extraordinary,,
extreme,,
extremely,,
eye,,
eyebrow,,
eyelash,,
eyesight,,
face,,
face-to-face,,
facilitate,,
facility,,
fact,,
factor,,
factory,,
factual,,
faculty,,
fail,,
failure,,
fair,,
fair trade,,
faith,,
faithful,,
fall,,
fame,,
familiar,,
family,,
famous,,
fancy,,
fantastic,,
fantasy,,
far,,
fare,,
farewell,,
farm,,
farmer,,
fascinate,,
fascinating,,
fashion,,
fast food,,
father,,
fault,,
fear,,
feature,,
February,,
fee,,
feedback,,
feel,,
feeling,,
female,,
fence,,
ferry,,
festival,,
fever,,
fiction,,
field,,
fight,,
figure,,
fill,,
final,,
finance,,
financial,,
find,,
finger,,
finish,,
fire,,
firework,,
firm,,
first,,
fish,,
fishing,,
fit,,
fix,,
flat,,
flavor,,
flea,,
flexibility,,
flexible,,
flight,,
float,,
flood,,
floor,,
flounder,,
flour,,
flourish,,
flow,,
flower,,
flu,,
fluent,,
fluid,,
fly,,
focus,,
fog,,
fold,,
folk,,
follow,,
food,,
foot,,
football,,
forbid,,
force,,
forecast,,
forehead,,
foreign,,
forest,,
forget,,
forgive,,
fork,,
form,,
formal,,
format,,
former,,
fortunate,,
fortune,,
fossil,,
found,,
foundation,,
founder,,
fountain pen,,
fragment,,
frame,,
frank,,
frankly,,
free,,
freedom,,
freeze,,
freezer,,
frequency,,
frequent,,
friend,,
friendly,,
friendship,,
frighten,,
frightened,,
frightening,,
frigid,,
frozen,,
fruit,,
frustrate,,
frustration,,
fry,,
fuel,,
fulfill,,
fulfillment,,
full,,
fun,,
function,,
fund,,
fundamental,,
funeral,,
funny,,
furniture,,
futsal,,
future,,
gadget,,
gallery,,
game,,
gap,,
garage,,
garbage,,
garden,,
garlic,,
gas stove,,
gather,,
gender,,
gene,,
general,,
generate,,
generation,,
generosity,,
generous,,
genetic,,
genius,,
gentle,,
gently,,
genuine,,
genuinely,,
geography,,
geology,,
geometry,,
gerbera,,
gesture,,
ghost,,
gift,,
ginger,,
giraffe,,
girl,,
girlfriend,,
glad,,
glass,,
glasses,,
global,,
globalization,,
globe,,
globefish,,
gloves,,
glue,,
goal,,
goat,,
gold,,
golf,,
good,,
Good luck.,,
goose,,
gorilla,,
govern,,
government,,
governor,,
grab,,
grace,,
grade,,
gradual,,
graduate,,
graduation,,
grain,,
grammar,,
granddaughter,,
grandfather,,
grandmother,,
grandparent,,
grape,,
grapefruit,,
grasp,,
grasshopper,,
grateful,,
gray,,
great,,
green,,
green pepper,,
greet,,
greeting,,
grief,,
grill,,
grocery store,,
ground,,
grow,,
growth,,
guarantee,,
guard,,
guess,,
guest,,
guideline,,
guilt,,
guilty,,
guitar,,
gymnastics,,
habit,,
habitat,,
hair,,
hall,,
hamburger,,
hammer,,
hand,,
handball,,
handle,,
handsome,,
handy,,
happen,,
happiness,,
happy,,
hard,,
hardship,,
hardworking,,
harm,,
harmful,,
harmless,,
harvest,,
hat,,
hate,,
hatred,,
hay fever,,
hazardous,,
head,,
headache,,
headline,,
heal,,
healing,,
health,,
healthy,,
hear,,
heart,,
heartburn,,
heater,,
heaven,,
heavy,,
heel,,
height,,
helicopter,,
help,,
helpful,,
helpless,,
heritage,,
hero,,
hesitate,,
hesitation,,
hide,,
high,,
high school,,
highway,,
hike,,
hiking,,
hill,,
hire,,
historic,,
history,,
hit,,
hobby,,
hockey,,
hold,,
holiday,,
home,,
homestay,,
hometown,,
homework,,
honest,,
honesty,,
honey,,
honor,,
hope,,
horizon,,
horizontal,,
horrible,,
horror,,
horse,,
horse mackerel,,
hospital,,
hospitality,,
host,,
host family,,
host mother,,
hour,,
house,,
household,,
housework,,
huge,,
human,,
human being,,
humanity,,
humid,,
humor,,
hundred,,
hungry,,
hurry,,
hurt,,
husband,,
hypothesis,,
ice,,
idea,,
ideal,,
idealism,,
identify,,
identity,,
ignorant,,
ignore,,
ill,,
illegal,,
illusion,,
illustrate,,
illustration,,
image,,
imagination,,
imagine,,
imitate,,
imitation,,
immediate,,
immigrant,,
immunity,,
impact,,
impartial,,
impatient,,
imperial,,
implant,,
implement,,
implication,,
imply,,
impolite,,
import,,
importance,,
important,,
impose,,
impress,,
impression,,
impressive,,
improve,,
incident,,
include,,
income,,
inconvenience,,
inconvenient,,
increase,,
independence,,
independent,,
indicate,,
individual,,
indulge,,
industrious,,
industry,,
inedible,,
inevitable,,
inexpensive,,
inexperienced,,
infant,,
infect,,
inferior,,
infinite,,
influence,,
influenza,,
information,,
ingredient,,
inhabit,,
inhabitant,,
inherit,,
initiative,,
injure,,
injury,,
inner,,
innocence,,
innocent,,
innovate,,
innovation,,
innovative,,
innovator,,
inquiry,,
insane,,
insect,,
inside,,
insight,,
insist,,
inspect,,
inspection,,
inspiration,,
inspire,,
install,,
instance,,
instant,,
instead,,
institution,,
instruct,,
instruction,,
instructor,,
instrument,,
insufficient,,
intelligence,,
intelligent,,
intend,,
intense,,
intention,,
interact,,
interaction,,
interactive,,
interdisciplinary,,
interest,,
interested,,
interesting,,
interfere,,
interference,,
internal,,
international,,
Internet,,
interpret,,
interpretation,,
interpreter,,
interrupt,,
interval,,
interview,,
interviewee,,
interviewer,,
intolerable,,
introduce,,
introduction,,
invade,,
invaluable,,
invent,,
invention,,
invest,,
investigation,,
investigator,,
investment,,
invitation,,
invite,,
involve,,
iris,,
iron,,
ironic,,
irrational,,
irregular,,
irrelevant,,
irritate,,
island,,
isolate,,
isolation,,
issue,,
item,,
itinerary,,
jacket,,
jam,,
jazz,,
jealous,,
jealousy,,
jeans,,
jellyfish,,
jet aircraft,,
job,,
job opening,,
job seeker,,
join,,
joint,,
journey,,
joy,,
judge,,
judgment,,
juicy,,
jump,,
junk,,
justice,,
kangaroo,,
keep,,
kettle,,
key,,
keyboard,,
kick,,
kid,,
kill,,
kind,,
kindness,,
king,,
kingdom,,
kit,,
kitchen knife,,
kiwi fruit,,
knee,,
knit cap,,
knitting needle,,
knock,,
know,,
knowledge,,
koala,,
label,,
labor,,
lacrosse,,
ladle,,
lady,,
ladybug,,
lake,,
lamp,,
landmark,,
landscape,,
language,,
laptop (computer),,
large,,
last,,
lasting,,
late,,
lately,,
later on,,
latest,,
laugh,,
laughter,,
launch,,
lavender,,
law,,
lawful,,
lawyer,,
lazy,,
lead,,
leader,,
leadership,,
leaf,,
league,,
lean,,
learn,,
leave,,
lecture,,
lecturer,,
left,,
leg,,
legal,,
legend,,
legendary,,
leisure,,
lemon,,
lend,,
lesson,,
letter,,
lettuce,,
level,,
lever,,
liberty,,
library,,
license,,
lid,,
lie,,
life,,
lifestyle,,
lift,,
light,,
lightning,,
like,,
lily,,
lime,,
limit,,
limousine,,
line,,
linguistic,,
linguistics,,
lion,,
lip,,
list,,
listen,,
literal,,
literally,,
literary,,
literate,,
literature,,
little,,
live,,
lively,,
load,,
lobster,,
local,,
locate,,
location,,
logic,,
logical,,
loneliness,,
lonely,,
long-lasting,,
long-sleeved shirt,,
look,,
loose,,
lorry,,
lose,,
loss,,
lost,,
lottery,,
lotus,,
lotus root,,
love,,
low,,
loyal,,
luck,,
luggage,,
lunch,,
lung,,
luxury,,
machine,,
mackerel,,
magazine,,
magnet,,
magnificent,,
mail,,
maintain,,
major,,
mammal,,
man,,
manage,,
management,,
manager,,
manipulate,,
manner,,
mantis,,
manual,,
manufacture,,
map,,
marathon,,
margin,,
mark,,
market,,
marriage,,
marry,,
marshmallow,,
marvelous,,
mass,,
masterpiece,,
match,,
material,,
matter,,
mature,,
maximum,,
May,,
maybe,,
mayor,,
meal,,
mean,,
meaning,,
means,,
meanwhile,,
measles,,
measure,,
meat,,
media,,
medical,,
medicine,,
meet,,
meeting,,
melon,,
melt,,
member,,
membership,,
memorial,,
memory,,
mental,,
mention,,
menu,,
mess,,
message,,
metal,,
meter,,
method,,
microwave,,
midday,,
migraine,,
military,,
milk,,
mince,,
mind,,
mineral-rich,,
minimum,,
minister,,
ministry,,
minority,,
minute,,
mirror,,
miserable,,
misery,,
miss,,
missing,,
mission,,
mistake,,
misunderstanding,,
mix,,
moderate,,
modern,,
modest,,
modify,,
molecule,,
moment,,
money,,
monitor,,
monkey,,
monkfish,,
monopoly,,
monorail,,
month,,
mood,,
moon,,
moral,,
morning,,
mosquito,,
moth,,
mother,,
motivation,,
motive,,
motorcycle,,
mountain,,
mouse,,
mouth,,
move,,
move away,,
move back,,
move on,,
movement,,
movie,,
mug,,
multiply,,
murder,,
muscle,,
museum,,
music,,
musician,,
mustard,,
mutual,,
nail,,
naive,,
name,,
narrow,,
nasty,,
nation,,
national,,
native,,
natural,,
naturally,,
nature,,
near,,
nearby,,
nearly,,
neat,,
necessary,,
necessity,,
neck,,
necktie,,
need,,
needle,,
negative,,
neglect,,
negotiate,,
negotiation,,
neighbor,,
neighborhood,,
nerve,,
nervous,,
nevertheless,,
new,,
news,,
newspaper,,
next,,
nice,,
nightmare,,
nod,,
noise,,
noisy,,
nonetheless,,
nonsense,,
noon,,
normal,,
north,,
nose,,
note,,
notebook,,
notepad,,
notice,,
notion,,
nourishing,,
nourishment,,
novel,,
novelist,,
nuclear,,
number,,
nurse,,
nutrition,,
o'clock,,
obey,,
object,,
obligation,,
observation,,
observe,,
obstacle,,
obtain,,
obvious,,
obviously,,
occasion,,
occupation,,
occupy,,
occur,,
occurrence,,
octopus,,
odd,,
offend,,
offense,,
offer,,
office,,
officer,,
official,,
old,,
once,,
onion,,
online,,
open,,
operate,,
operation,,
opinion,,
opportunity,,
oppose,,
opposite,,
opposition,,
opt,,
optimism,,
optimist,,
optimistic,,
orange,,
orbit,,
order,,
ordinary,,
organ,,
organic,,
organism,,
organization,,
organize,,
origin,,
original,,
orphan,,
ostrich,,
outbreak,,
outcome,,
outline,,
outlook,,
output,,
outside,,
outstanding,,
outweigh,,
oven,,
overcome,,
overlook,,
overseas,,
overtime,,
overuse,,
overweight,,
overwhelm,,
overwhelming,,
owe,,
owner,,
ox,,
oxygen,,
oyster,,
Pacific,,
pack,,
package,,
pain,,
painful,,
paint,,
painter,,
palace,,
pan,,
panda,,
pansy,,
pants,,
parachute,,
parade,,
paradise,,
paragraph,,
parallel,,
parent,,
park,,
parking,,
Parliament,,
part,,
partial,,
participant,,
participate,,
participation,,
particular,,
partner,,
party,,
pass,,
passage,,
passenger,,
passion,,
passive,,
passport,,
past,,
pasta,,
patent,,
path,,
patience,,
patient,,
patio,,
patrol car,,
pavement,,
pay,,
payroll,,
pea,,
peaceful,,
peach,,
peacock,,
peak,,
peanut,,
peculiarity,,
peeler,,
peer,,
penalty,,
pencil,,
penetrate,,
penguin,,
penny,,
pension,,
people,,
pepper,,
perceive,,
perception,,
perfect,,
perform,,
perhaps,,
period,,
permanent,,
permission,,
permit,,
persimmon,,
persist,,
person,,
personal,,
perspective,,
persuade,,
persuasive,,
pessimistic,,
pet,,
petroleum,,
phenomenon,,
philosophy,,
phone,,
photo,,
physical,,
physics,,
piano,,
pick,,
picnic,,
picture,,
pie,,
piece,,
pig,,
pile,,
pillow,,
pilot,,
pin,,
pin ~ down,,
pineapple,,
pink,,
pistachio,,
pitcher,,
pity,,
pizza,,
place,,
plain,,
plan,,
plane,,
planet,,
planetarium,,
plant,,
plastic,,
plate,,
play,,
player,,
playful,,
playground,,
pleasant,,
please,,
pleasure,,
plot,,
plumber,,
pocket,,
poem,,
poet,,
poetry,,
point,,
poison,,
poisonous,,
polar bear,,
pole,,
police,,
policy,,
polish,,
polite,,
political,,
politician,,
politics,,
pollutant,,
pollute,,
pollution,,
pond,,
poor,,
pop,,
popular,,
popularity,,
population,,
portion,,
portrait,,
portray,,
pose,,
position,,
positive,,
possess,,
possession,,
possibility,,
possible,,
post,,
post office,,
postpone,,
pot,,
potato,,
potential,,
pour,,
poverty,,
power,,
powerful,,
practical,,
practice,,
praise,,
prawn,,
pray,,
prayer,,
precious,,
precipitation,,
precise,,
precisely,,
precision,,
predict,,
prediction,,
prefer,,
preference,,
prejudice,,
premiere,,
preparation,,
prepare,,
prescription,,
present,,
presentation,,
preserve,,
press,,
pressure,,
prestigious,,
pretend,,
pretty,,
prevent,,
prevention,,
price,,
pride,,
primary,,
prime minister,,
princess,,
principle,,
printer,,
prior,,
priority,,
prison,,
prisoner,,
privacy,,
private,,
privilege,,
prize,,
probably,,
problem,,
procedure,,
produce,,
product,,
production,,
profession,,
professional,,
professor,,
profound,,
program,,
progress,,
prohibit,,
promise,,
promote,,
pronunciation,,
proof,,
proper,,
property,,
proposal,,
propose,,
prosper,,
prosperity,,
protect,,
protection,,
protein,,
prove,,
proverb,,
provide,,
psychologist,,
psychology,,
public,,
publish,,
pull,,
pumpkin,,
punctual,,
punish,,
punishment,,
purchase,,
pure,,
purify,,
purpose,,
pursue,,
pursuit,,
push,,
puzzle,,
qualification,,
qualify,,
quality,,
quantity,,
quarter,,
queen,,
question,,
questionnaire,,
quick,,
quiet,,
quite,,
quotation,,
quote,,
race,,
racial,,
racism,,
racket,,
radio,,
rain,,
rainbow,,
raise,,
range,,
rank,,
rapid,,
rare,,
raspberry,,
rate,,
rather,,
reach,,
react,,
reaction,,
read,,
ready,,
real,,
realistic,,
reality,,
realization,,
realize,,
really,,
reap,,
reason,,
reasonable,,
reassure,,
recall,,
receipt,,
receive,,
recent,,
recently,,
reception,,
recipe,,
recipient,,
recognition,,
recognize,,
recommend,,
recommendation,,
recover,,
recovery,,
recycle,,
red,,
reduce,,
reduction,,
refer,,
reference,,
reflect,,
reform,,
refresh,,
refrigerator,,
refuge,,
refugee,,
refund,,
refusal,,
refuse,,
regain,,
regard,,
regardless,,
region,,
register,,
regret,,
regular,,
regulate,,
regulation,,
reject,,
relate,,
relation,,
relationship,,
relative,,
relax,,
release,,
relevance,,
relevant,,
reliable,,
religion,,
religious,,
reluctant,,
rely,,
remain,,
remark,,
remarkable,,
remedy,,
remember,,
remind,,
reminder,,
remote,,
removal,,
remove,,
rent,,
repair,,
repeat,,
replace,,
reply,,
report,,
reporter,,
represent,,
reputable,,
reputation,,
request,,
require,,
requirement,,
rescue,,
research,,
researcher,,
resemble,,
reservation,,
reserve,,
reside,,
residence,,
resident,,
resign,,
resolution,,
resort,,
resource,,
respect,,
respond,,
response,,
responsibility,,
responsible,,
rest,,
restart,,
restaurant,,
restore,,
restrict,,
restriction,,
restroom,,
result,,
resume,,
retain,,
retire,,
retirement,,
return,,
reunion,,
reveal,,
reverse,,
review,,
reward,,
rhinoceros,,
rhythm,,
rice,,
rich,,
ride,,
ridiculous,,
right,,
ring,,
risk,,
risky,,
ritual,,
river,,
road,,
roast,,
rock,,
role,,
roll,,
romantic,,
roof,,
room,,
rose,,
rough,,
routine,,
royal,,
rude,,
rug,,
rugby,,
ruin,,
rule,,
ruler,,
rumor,,
run,,
runny nose,,
rural,,
sacred,,
sacrifice,,
sad,,
safe,,
sailboat,,
sailing,,
salad,,
sale,,
salmon,,
salt,,
same,,
sand,,
sandals,,
sandwich,,
sandy,,
sardine,,
satellite,,
satisfaction,,
satisfy,,
sauté,,
save,,
savings,,
say,,
scale,,
scallion,,
scallop,,
scanner,,
scar,,
scare,,
scarf,,
scatter,,
scene,,
scenery,,
schedule,,
school,,
science,,
scientist,,
scissors,,
score,,
scratch,,
scream,,
sculpture,,
sea bass,,
sea bream,,
sea cucumber,,
sea horse,,
sea level,,
sea lion,,
sea otter,,
sea turtle,,
sea urchin,,
seafood,,
seal,,
search,,
season,,
seat,,
second,,
secretary,,
section,,
sector,,
secure,,
security,,
see,,
seed,,
seek,,
seem,,
seize,,
seizure,,
select,,
self-confidence,,
self-discipline,,
selfish,,
sell,,
semester,,
senior,,
sense,,
sensible,,
sensitive,,
sentence,,
sentiment,,
separate,,
separation,,
sequence,,
serious,,
seriously,,
servant,,
serve,,
service,,
session,,
set,,
settle,,
settlement,,
severe,,
shade,,
shadow,,
shake,,
shallow,,
shame,,
shampoo,,
shape,,
share,,
shark,,
sharp,,
sheep,,
shelf,,
shift,,
shine,,
ship,,
shirt,,
shock,,
shoes,,
shoot,,
shop,,
shopping,,
shore,,
short,,
shortage,,
shoulder,,
show,,
shredder,,
shrimp,,
shrink,,
shut,,
shy,,
sick,,
side,,
sigh,,
sight,,
sightseeing,,
sign,,
signal,,
significance,,
significant,,
silly,,
similar,,
similarity,,
simple,,
sing,,
sink,,
sister,,
sit,,
site,,
situation,,
size,,
skeptical,,
skill,,
skillful,,
skin,,
skirt,,
sky,,
slave,,
sleep,,
slice,,
slide,,
slippers,,
small,,
smart,,
smartphone,,
smell,,
smile,,
smooth,,
snail,,
snake,,
sneakers,,
sneeze,,
snore,,
snow,,
snowman,,
soap,,
soccer,,
sociable,,
social,,
society,,
software,,
soil,,
soldier,,
solid,,
solution,,
solve,,
sommelier,,
son,,
sore,,
sore throat,,
sorrow,,
sort,,
soul,,
sound,,
soup,,
source,,
souvenir,,
space,,
speak,,
speaker,,
special,,
species,,
specific,,
spectacle,,
spectacular,,
speech,,
speed,,
spend,,
sphere,,
spider,,
spinach,,
spirit,,
sport,,
spot,,
spread,,
square,,
stable,,
stadium,,
staff,,
stair,,
stand,,
standard,,
stapler,,
star,,
start,,
state,,
station,,
statistic,,
statue,,
status,,
stay,,
steady,,
steal A from B,,
steam,,
steep,,
step,,
stew,,
stick,,
still,,
stimulate,,
stimulus,,
stock,,
stomachache,,
stop,,
store,,
storm,,
story,,
stove,,
strain,,
stranger,,
strategy,,
straw,,
strawberry,,
stream,,
street,,
strength,,
stress,,
stretch,,
strict,,
strike,,
string,,
strong,,
structure,,
struggle,,
student,,
study,,
stuff,,
style,,
subject,,
submit,,
subscription,,
substance,,
substitute,,
subtle,,
subway,,
succeed,,
success,,
successful,,
suddenly,,
suffer,,
sufficient,,
sugar,,
suggest,,
suggestion,,
suit,,
suitable,,
sum,,
summary,,
summer,,
summit,,
sunflower,,
sunlight,,
sunny,,
super,,
supermarket,,
superstition,,
supplier,,
supply,,
support,,
suppose,,
sure,,
surf,,
surface,,
surgeon,,
surgery,,
surprise,,
surprising,,
surround,,
survey,,
survival,,
survive,,
survivor,,
suspect,,
suspense,,
suspicion,,
suspicious,,
sustainable,,
sweater,,
sweet,,
sweet potato,,
swimming,,
sword,,
symbol,,
sympathy,,
symphony,,
symptom,,
system,,
T-shirt,,
table,,
table tennis,,
talent,,
talk,,
tall,,
tank,,
tap,,
tape,,
target,,
task,,
taste,,
tax,,
taxi,,
tea,,
team,,
teaspoon,,
technique,,
technology,,
teenager,,
television,,
tell,,
temperature,,
temporary,,
tempt,,
temptation,,
tend,,
tendency,,
tennis,,
tense,,
tension,,
tent,,
term,,
terrible,,
terrific,,
terrify,,
territory,,
terror,,
test,,
testimony,,
text,,
thank,,
thanks,,
theater,,
theft,,
theme,,
theory,,
therapist,,
therapy,,
thick,,
thief,,
thin,,
thing,,
think,,
thirst,,
thirsty,,
thorough,,
thoroughly,,
though,,
thought,,
thoughtful,,
thousand,,
thread,,
threat,,
threaten,,
thrive,,
thriving,,
through,,
throw,,
thumb,,
thunder,,
tidy,,
tie,,
tiger,,
tight,,
time,,
tiny,,
tip,,
title,,
toe,,
toilet,,
tolerance,,
tolerate,,
tomato,,
tongs,,
tongue,,
tool,,
tooth,,
top,,
topic,,
toss,,
touch,,
tough,,
tour,,
tour guide,,
tourist,,
tournament,,
towel,,
town,,
track,,
tractor,,
trade,,
tradition,,
traditional,,
traffic,,
tragedy,,
tragic,,
trail,,
train,,
trait,,
transform,,
transition,,
translate,,
transport,,
transportation,,
trap,,
travel,,
traveler,,
tray,,
treasure,,
treat,,
treatment,,
tree,,
tremble,,
tremendous,,
trend,,
trial,,
trip,,
tropical,,
trouble,,
truck,,
true,,
trust,,
truth,,
try,,
tuition,,
tulip,,
tuna,,
turkey,,
turn,,
twice,,
twist,,
type,,
typical,,
ugly,,
ultimate,,
umbrella,,
ume apricot (blossoms),,
uncle,,
uncomfortable,,
undergo,,
undergraduate,,
underground,,
underpants,,
undershirt,,
understand,,
understanding,,
undertake,,
underwear,,
uneasy,,
unemployed,,
unemployment,,
unexpected,,
unfair,,
unfortunate,,
unhappy,,
union,,
unique,,
unit,,
unite,,
unity,,
universe,,
university,,
unusual,,
upgrade,,
upset,,
urban,,
urge,,
urgent,,
usage,,
use,,
useful,,
usual,,
vacation,,
valuable,,
value,,
variety,,
various,,
vary,,
vast,,
vegetable,,
vehicle,,
vendor,,
venture,,
verbal,,
verify,,
vest,,
victim,,
victory,,
view,,
vigorous,,
village,,
vinegar,,
violence,,
violet,,
violin,,
virtual,,
virtue,,
virus,,
visible,,
vision,,
visit,,
visitor,,
visual,,
vital,,
vivid,,
vocabulary,,
voice,,
volcano,,
volleyball,,
volume,,
volunteer,,
vomit,,
vote,,
vulnerable,,
wage,,
waist,,
wait,,
waitress,,
wake,,
walk,,
wall,,
walnut,,
want,,
warm,,
warn,,
warning,,
wash,,
waste,,
watch,,
water,,
watermelon,,
wave,,
weak,,
wealth,,
weapon,,
wear,,
weather,,
wedding,,
week,,
weekday,,
weekend,,
weep,,
weigh,,
weight,,
weird,,
welcome,,
welfare,,
whale,,
whatever,,
wheelchair,,
whisper,,
white,,
whole,,
wide,,
widespread,,
wife,,
wild,,
wildlife,,
willing,,
window,,
wine,,
winter,,
wisdom,,
wise,,
wish,,
withdraw,,
witness,,
woman,,
wonder,,
wonderful,,
wool,,
work,,
worker,,
workplace,,
world,,
worldwide,,
worm,,
worry,,
worse,,
worship,,
worth,,
worthwhile,,
worthy,,
wrap,,
wrestling,,
wrist,,
write,,
writer,,
writing,,
yacht,,
yard,,
yarn,,
yawn,,
year,,
yellow,,
yellowtail,,
yield,,
yogurt,,
young,,
zebra,,
zipper,,
zoo,,
