question_id,question_no,round_id,lesson_id,sentence1_origin,sentence2_origin,sentence_first_ja,sentence_second_ja,highlight_word,bubble_gray,chip_input,audio1_input,audio2_input,voice1,voice2,audio_auto,icon_first,icon_second,position_first,position_second,sentence_first_en,sentence_second_en,answer,chips,audio_first,audio_second
st1_sec3_e0121a,1,ast1_sec3_r01,,What's your favorite number?,Seven! It's my lucky one.,好きな数字は何？,7！私のラッキーナンバーなんだ。,number,2,What's your favorite number?,1-3-1,1-3-1,Ivy,Ruth,1,user,05.png,right,left,____________,____________,What's your favorite number?,What's|your|favorite|number?,1-3-1-a.mp3,1-3-1-b.mp3
st1_sec3_e0121b,2,ast1_sec3_r01,,What's your favorite number?,Seven! It's my lucky one.,好きな数字は何？,7！私のラッキーナンバーなんだ。,number,1,Seven! It's my lucky one.,1-3-1,1-3-1,Ivy,Ruth,2,user,05.png,right,left,What's your favorite number?,____________,Seven! It's my lucky one.,Seven!|It's|my|lucky|one.,1-3-1-a.mp3,1-3-1-b.mp3
st1_sec3_e0122a,3,ast1_sec3_r01,,I can't believe we won the game!,"I know, right?! That was amazing!",試合に勝てたなんて信じられない！,だよね！すごかったよね！,believe,2,I can't believe we won the game!,1-3-2,1-3-2,Ivy,Ruth,1,user,05.png,right,left,____________,____________,I can't believe we won the game!,I|can't|believe|we|won|the|game!,1-3-2-a.mp3,1-3-2-b.mp3
st1_sec3_e0122b,4,ast1_sec3_r01,,I can't believe we won the game!,"I know, right?! That was amazing!",試合に勝てたなんて信じられない！,だよね！すごかったよね！,believe,1,"I know, right?! That was amazing!",1-3-2,1-3-2,Ivy,Ruth,2,user,05.png,right,left,I can't believe we won the game!,____________,"I know, right?! That was amazing!","I|know,|right?!|That|was|amazing!",1-3-2-a.mp3,1-3-2-b.mp3
st1_sec3_e0123a,5,ast1_sec3_r01,,"Hi! Come on in, the snacks are ready!","Yay, thanks for inviting me!",やあ！入って入って、おやつができたよ！,やったぁ、呼んでくれてありがとう！,come on in,2,"Hi! Come on in, the snacks are ready!",1-3-3,1-3-3,Ivy,Ruth,1,user,05.png,right,left,____________,____________,"Hi! Come on in, the snacks are ready!","Hi!|Come|on|in,|the|snacks|are|ready!",1-3-3-a.mp3,1-3-3-b.mp3
st1_sec3_e0123b,6,ast1_sec3_r01,,"Hi! Come on in, the snacks are ready!","Yay, thanks for inviting me!",やあ！入って入って、おやつができたよ！,やったぁ、呼んでくれてありがとう！,come on in,1,"Yay, thanks for inviting me!",1-3-3,1-3-3,Ivy,Ruth,2,user,05.png,right,left,"Hi! Come on in, the snacks are ready!",____________,"Yay, thanks for inviting me!","Yay,|thanks|for|inviting|me!",1-3-3-a.mp3,1-3-3-b.mp3
st1_sec3_e0124a,7,ast1_sec3_r01,,Take a look at this funny video!,"Haha, that puppy is so cute!",この面白い動画を見て！,あはは、その子犬すごくかわいい！,take a look at,2,Take a look at this funny video!,1-3-4,1-3-4,Ivy,Ruth,1,user,05.png,right,left,____________,____________,Take a look at this funny video!,Take|a|look|at|this|funny|video!,1-3-4-a.mp3,1-3-4-b.mp3
st1_sec3_e0124b,8,ast1_sec3_r01,,Take a look at this funny video!,"Haha, that puppy is so cute!",この面白い動画を見て！,あはは、その子犬すごくかわいい！,take a look at,1,"Haha, that puppy is so cute!",1-3-4,1-3-4,Ivy,Ruth,2,user,05.png,right,left,Take a look at this funny video!,____________,"Haha, that puppy is so cute!","Haha,|that|puppy|is|so|cute!",1-3-4-a.mp3,1-3-4-b.mp3
st1_sec3_e0125a,9,ast1_sec3_r01,,Please go on with your story!,"Okay, so then the dog jumped over the fence...",続きを話して！,うん、それでね、犬がフェンスを飛び越えたんだ…,go on,2,Please go on with your story!,1-3-5,1-3-5,Ivy,Ruth,1,user,05.png,right,left,____________,____________,Please go on with your story!,Please|go|on|with|your|story!,1-3-5-a.mp3,1-3-5-b.mp3
st1_sec3_e0125b,10,ast1_sec3_r01,,Please go on with your story!,"Okay, so then the dog jumped over the fence...",続きを話して！,うん、それでね、犬がフェンスを飛び越えたんだ…,go on,1,"Okay, so then the dog jumped over the fence...",1-3-5,1-3-5,Ivy,Ruth,2,user,05.png,right,left,Please go on with your story!,____________,"Okay, so then the dog jumped over the fence...","Okay,|so|then|the|dog|jumped|over|the|fence...",1-3-5-a.mp3,1-3-5-b.mp3
st1_sec3_e0126a,11,ast1_sec3_r02,,Yes! I finally finished my homework!,Nice! Now let's go play outside!,やった！やっと宿題が終わった！,いいね！じゃあ外で遊ぼう！,finally,2,Yes! I finally finished my homework!,1-3-6,1-3-6,Ivy,Ruth,1,user,05.png,right,left,____________,____________,Yes! I finally finished my homework!,Yes!|I|finally|finished|my|homework!,1-3-6-a.mp3,1-3-6-b.mp3
st1_sec3_e0126b,12,ast1_sec3_r02,,Yes! I finally finished my homework!,Nice! Now let's go play outside!,やった！やっと宿題が終わった！,いいね！じゃあ外で遊ぼう！,finally,1,Nice! Now let's go play outside!,1-3-6,1-3-6,Ivy,Ruth,2,user,05.png,right,left,Yes! I finally finished my homework!,____________,Nice! Now let's go play outside!,Nice!|Now|let's|go|play|outside!,1-3-6-a.mp3,1-3-6-b.mp3
st1_sec3_e0127a,13,ast1_sec3_r02,,"I packed snacks, water, a map, and so on.","Wow, you're ready for the trip!",おやつ、水、地図、とかを詰めたよ。,わぁ、旅行の準備バッチリだね！,and so on,2,"I packed snacks, water, a map, and so on.",1-3-7,1-3-7,Ivy,Ruth,1,user,05.png,right,left,____________,____________,"I packed snacks, water, a map, and so on.","I|packed|snacks,|water,|a|map,|and|so|on.",1-3-7-a.mp3,1-3-7-b.mp3
st1_sec3_e0127b,14,ast1_sec3_r02,,"I packed snacks, water, a map, and so on.","Wow, you're ready for the trip!",おやつ、水、地図、とかを詰めたよ。,わぁ、旅行の準備バッチリだね！,and so on,1,"Wow, you're ready for the trip!",1-3-7,1-3-7,Ivy,Ruth,2,user,05.png,right,left,"I packed snacks, water, a map, and so on.",____________,"Wow, you're ready for the trip!","Wow,|you're|ready|for|the|trip!",1-3-7-a.mp3,1-3-7-b.mp3
st1_sec3_e0128a,15,ast1_sec3_r02,,Turn left at the next corner!,Got it! Thanks for the directions.,次の角を左に曲がってね！,了解！道案内ありがとう。,corner,2,Turn left at the next corner!,1-3-8,1-3-8,Ivy,Ruth,1,user,05.png,right,left,____________,____________,Turn left at the next corner!,Turn|left|at|the|next|corner!,1-3-8-a.mp3,1-3-8-b.mp3
st1_sec3_e0128b,16,ast1_sec3_r02,,Turn left at the next corner!,Got it! Thanks for the directions.,次の角を左に曲がってね！,了解！道案内ありがとう。,corner,1,Got it! Thanks for the directions.,1-3-8,1-3-8,Ivy,Ruth,2,user,05.png,right,left,Turn left at the next corner!,____________,Got it! Thanks for the directions.,Got|it!|Thanks|for|the|directions.,1-3-8-a.mp3,1-3-8-b.mp3
st1_sec3_e0129a,17,ast1_sec3_r02,,What are you reading about?,Dinosaurs! Look at this huge T-Rex!,何の本を読んでるの？,恐竜だよ！この大きなティラノサウルス見て！,about,2,What are you reading about?,1-3-9,1-3-9,Ivy,Ruth,1,user,05.png,right,left,____________,____________,What are you reading about?,What|are|you|reading|about?,1-3-9-a.mp3,1-3-9-b.mp3
st1_sec3_e0129b,18,ast1_sec3_r02,,What are you reading about?,Dinosaurs! Look at this huge T-Rex!,何の本を読んでるの？,恐竜だよ！この大きなティラノサウルス見て！,about,1,Dinosaurs! Look at this huge T-Rex!,1-3-9,1-3-9,Ivy,Ruth,2,user,05.png,right,left,What are you reading about?,____________,Dinosaurs! Look at this huge T-Rex!,Dinosaurs!|Look|at|this|huge|T-Rex!,1-3-9-a.mp3,1-3-9-b.mp3
st1_sec3_e0130a,19,ast1_sec3_r02,,I have to do my homework before dinner.,Need help with it?,夕ごはんの前に宿題やらなきゃ。,手伝おうか？,have to do,2,I have to do my homework before dinner.,1-3-10,1-3-10,Ivy,Ruth,1,user,05.png,right,left,____________,____________,I have to do my homework before dinner.,I|have|to|do|my|homework|before|dinner.,1-3-10-a.mp3,1-3-10-b.mp3
st1_sec3_e0130b,20,ast1_sec3_r02,,I have to do my homework before dinner.,Need help with it?,夕ごはんの前に宿題やらなきゃ。,手伝おうか？,have to do,1,Need help with it?,1-3-10,1-3-10,Ivy,Ruth,2,user,05.png,right,left,I have to do my homework before dinner.,____________,Need help with it?,Need|help|with|it?,1-3-10-a.mp3,1-3-10-b.mp3
st1_sec3_e0131a,21,ast1_sec3_r03,,"Wait a second, I'm coming!",Hurry up! The bus is here!,ちょっと待って、今行く！,急いで！バスが来たよ！,second,2,"Wait a second, I'm coming!",1-3-11,1-3-11,Ivy,Ruth,1,user,05.png,right,left,____________,____________,"Wait a second, I'm coming!","Wait|a|second,|I'm|coming!",1-3-11-a.mp3,1-3-11-b.mp3
st1_sec3_e0131b,22,ast1_sec3_r03,,"Wait a second, I'm coming!",Hurry up! The bus is here!,ちょっと待って、今行く！,急いで！バスが来たよ！,second,1,Hurry up! The bus is here!,1-3-11,1-3-11,Ivy,Ruth,2,user,05.png,right,left,"Wait a second, I'm coming!",____________,Hurry up! The bus is here!,Hurry|up!|The|bus|is|here!,1-3-11-a.mp3,1-3-11-b.mp3
st1_sec3_e0132a,23,ast1_sec3_r03,,My younger brother is so funny!,How old is he?,私の弟、すごく面白いんだ！,何歳なの？,younger,2,My younger brother is so funny!,1-3-12,1-3-12,Ivy,Ruth,1,user,05.png,right,left,____________,____________,My younger brother is so funny!,My|younger|brother|is|so|funny!,1-3-12-a.mp3,1-3-12-b.mp3
st1_sec3_e0132b,24,ast1_sec3_r03,,My younger brother is so funny!,How old is he?,私の弟、すごく面白いんだ！,何歳なの？,younger,1,How old is he?,1-3-12,1-3-12,Ivy,Ruth,2,user,05.png,right,left,My younger brother is so funny!,____________,How old is he?,How|old|is|he?,1-3-12-a.mp3,1-3-12-b.mp3
st1_sec3_e0133a,25,ast1_sec3_r03,,I want to go traveling around the world!,Same! Where should we go first?,世界中を旅したいな！,同じ！まずどこ行こうか？,travel,2,I want to go traveling around the world!,1-3-13,1-3-13,Ivy,Ruth,1,user,05.png,right,left,____________,____________,I want to go traveling around the world!,I|want|to|go|traveling|around|the|world!,1-3-13-a.mp3,1-3-13-b.mp3
st1_sec3_e0133b,26,ast1_sec3_r03,,I want to go traveling around the world!,Same! Where should we go first?,世界中を旅したいな！,同じ！まずどこ行こうか？,travel,1,Same! Where should we go first?,1-3-13,1-3-13,Ivy,Ruth,2,user,05.png,right,left,I want to go traveling around the world!,____________,Same! Where should we go first?,Same!|Where|should|we|go|first?,1-3-13-a.mp3,1-3-13-b.mp3
st1_sec3_e0134a,27,ast1_sec3_r03,,Thanks a lot for helping me!,No problem! That's what friends are for.,手伝ってくれて本当にありがとう！,どういたしまして！友だちだもん。,a lot,2,Thanks a lot for helping me!,1-3-14,1-3-14,Ivy,Ruth,1,user,05.png,right,left,____________,____________,Thanks a lot for helping me!,Thanks|a|lot|for|helping|me!,1-3-14-a.mp3,1-3-14-b.mp3
st1_sec3_e0134b,28,ast1_sec3_r03,,Thanks a lot for helping me!,No problem! That's what friends are for.,手伝ってくれて本当にありがとう！,どういたしまして！友だちだもん。,a lot,1,No problem! That's what friends are for.,1-3-14,1-3-14,Ivy,Ruth,2,user,05.png,right,left,Thanks a lot for helping me!,____________,No problem! That's what friends are for.,No|problem!|That's|what|friends|are|for.,1-3-14-a.mp3,1-3-14-b.mp3
st1_sec3_e0135a,29,ast1_sec3_r03,,Hurry up! The bus is almost here!,"Wait, I forgot my lunch box!",急いで！バスがもうすぐ来るよ！,待って、お弁当忘れた！,almost,2,Hurry up! The bus is almost here!,1-3-15,1-3-15,Ivy,Ruth,1,user,05.png,right,left,____________,____________,Hurry up! The bus is almost here!,Hurry|up!|The|bus|is|almost|here!,1-3-15-a.mp3,1-3-15-b.mp3
st1_sec3_e0135b,30,ast1_sec3_r03,,Hurry up! The bus is almost here!,"Wait, I forgot my lunch box!",急いで！バスがもうすぐ来るよ！,待って、お弁当忘れた！,almost,1,"Wait, I forgot my lunch box!",1-3-15,1-3-15,Ivy,Ruth,2,user,05.png,right,left,Hurry up! The bus is almost here!,____________,"Wait, I forgot my lunch box!","Wait,|I|forgot|my|lunch|box!",1-3-15-a.mp3,1-3-15-b.mp3
st1_sec3_e0136a,31,ast1_sec3_r04,,"Mom, can you buy me this game?","Maybe for your birthday, okay?",ママ、このゲーム買ってくれる？,誕生日にね、いい？,buy,2,"Mom, can you buy me this game?",1-3-16,1-3-16,Ivy,Ruth,1,user,05.png,right,left,____________,____________,"Mom, can you buy me this game?","Mom,|can|you|buy|me|this|game?",1-3-16-a.mp3,1-3-16-b.mp3
st1_sec3_e0136b,32,ast1_sec3_r04,,"Mom, can you buy me this game?","Maybe for your birthday, okay?",ママ、このゲーム買ってくれる？,誕生日にね、いい？,buy,1,"Maybe for your birthday, okay?",1-3-16,1-3-16,Ivy,Ruth,2,user,05.png,right,left,"Mom, can you buy me this game?",____________,"Maybe for your birthday, okay?","Maybe|for|your|birthday,|okay?",1-3-16-a.mp3,1-3-16-b.mp3
st1_sec3_e0137a,33,ast1_sec3_r04,,Your bag is so different from mine!,"Yeah, my sister made it for me.",きみのバッグ、私のとぜんぜん違うね！,うん、お姉ちゃんが作ってくれたんだ。,different,2,Your bag is so different from mine!,1-3-17,1-3-17,Ivy,Ruth,1,user,05.png,right,left,____________,____________,Your bag is so different from mine!,Your|bag|is|so|different|from|mine!,1-3-17-a.mp3,1-3-17-b.mp3
st1_sec3_e0137b,34,ast1_sec3_r04,,Your bag is so different from mine!,"Yeah, my sister made it for me.",きみのバッグ、私のとぜんぜん違うね！,うん、お姉ちゃんが作ってくれたんだ。,different,1,"Yeah, my sister made it for me.",1-3-17,1-3-17,Ivy,Ruth,2,user,05.png,right,left,Your bag is so different from mine!,____________,"Yeah, my sister made it for me.","Yeah,|my|sister|made|it|for|me.",1-3-17-a.mp3,1-3-17-b.mp3
st1_sec3_e0138a,35,ast1_sec3_r04,,I'm bored. What should we do?,I have an idea! Let's build a fort!,退屈だなぁ。何しよう？,いいこと思いついた！秘密基地を作ろう！,I have an idea,2,I'm bored. What should we do?,1-3-18,1-3-18,Ivy,Ruth,1,user,05.png,right,left,____________,____________,I'm bored. What should we do?,I'm|bored.|What|should|we|do?,1-3-18-a.mp3,1-3-18-b.mp3
st1_sec3_e0138b,36,ast1_sec3_r04,,I'm bored. What should we do?,I have an idea! Let's build a fort!,退屈だなぁ。何しよう？,いいこと思いついた！秘密基地を作ろう！,I have an idea,1,I have an idea! Let's build a fort!,1-3-18,1-3-18,Ivy,Ruth,2,user,05.png,right,left,I'm bored. What should we do?,____________,I have an idea! Let's build a fort!,I|have|an|idea!|Let's|build|a|fort!,1-3-18-a.mp3,1-3-18-b.mp3
st1_sec3_e0139a,37,ast1_sec3_r04,,Can I borrow your eraser?,"Sure, here you go!",消しゴム借りてもいい？,いいよ、はいどうぞ！,borrow,2,Can I borrow your eraser?,1-3-19,1-3-19,Ivy,Ruth,1,user,05.png,right,left,____________,____________,Can I borrow your eraser?,Can|I|borrow|your|eraser?,1-3-19-a.mp3,1-3-19-b.mp3
st1_sec3_e0139b,38,ast1_sec3_r04,,Can I borrow your eraser?,"Sure, here you go!",消しゴム借りてもいい？,いいよ、はいどうぞ！,borrow,1,"Sure, here you go!",1-3-19,1-3-19,Ivy,Ruth,2,user,05.png,right,left,Can I borrow your eraser?,____________,"Sure, here you go!","Sure,|here|you|go!",1-3-19-a.mp3,1-3-19-b.mp3
st1_sec3_e0140a,39,ast1_sec3_r04,,Your shoes are so dirty!,"Yeah, I was playing in the mud.",靴がすごく汚れてるよ！,うん、泥んこで遊んでたんだ。,dirty,2,Your shoes are so dirty!,1-3-20,1-3-20,Ivy,Ruth,1,user,05.png,right,left,____________,____________,Your shoes are so dirty!,Your|shoes|are|so|dirty!,1-3-20-a.mp3,1-3-20-b.mp3
st1_sec3_e0140b,40,ast1_sec3_r04,,Your shoes are so dirty!,"Yeah, I was playing in the mud.",靴がすごく汚れてるよ！,うん、泥んこで遊んでたんだ。,dirty,1,"Yeah, I was playing in the mud.",1-3-20,1-3-20,Ivy,Ruth,2,user,05.png,right,left,Your shoes are so dirty!,____________,"Yeah, I was playing in the mud.","Yeah,|I|was|playing|in|the|mud.",1-3-20-a.mp3,1-3-20-b.mp3
st1_sec3_e0141a,41,ast1_sec3_r05,,I always get hungry after swimming.,Same! Let's grab some lunch.,泳いだあとはいつもお腹がすくんだ。,同じ！お昼ごはん食べに行こう。,get hungry,2,I always get hungry after swimming.,1-3-21,1-3-21,Ivy,Ruth,1,user,05.png,right,left,____________,____________,I always get hungry after swimming.,I|always|get|hungry|after|swimming.,1-3-21-a.mp3,1-3-21-b.mp3
st1_sec3_e0141b,42,ast1_sec3_r05,,I always get hungry after swimming.,Same! Let's grab some lunch.,泳いだあとはいつもお腹がすくんだ。,同じ！お昼ごはん食べに行こう。,get hungry,1,Same! Let's grab some lunch.,1-3-21,1-3-21,Ivy,Ruth,2,user,05.png,right,left,I always get hungry after swimming.,____________,Same! Let's grab some lunch.,Same!|Let's|grab|some|lunch.,1-3-21-a.mp3,1-3-21-b.mp3
st1_sec3_e0142a,43,ast1_sec3_r05,,I made friends with the new kid today!,That's so nice of you!,今日、転校生と友だちになったよ！,えらいね！,made friends,2,I made friends with the new kid today!,1-3-22,1-3-22,Ivy,Ruth,1,user,05.png,right,left,____________,____________,I made friends with the new kid today!,I|made|friends|with|the|new|kid|today!,1-3-22-a.mp3,1-3-22-b.mp3
st1_sec3_e0142b,44,ast1_sec3_r05,,I made friends with the new kid today!,That's so nice of you!,今日、転校生と友だちになったよ！,えらいね！,made friends,1,That's so nice of you!,1-3-22,1-3-22,Ivy,Ruth,2,user,05.png,right,left,I made friends with the new kid today!,____________,That's so nice of you!,That's|so|nice|of|you!,1-3-22-a.mp3,1-3-22-b.mp3
st1_sec3_e0143a,45,ast1_sec3_r05,,You look like your mom!,Really? People say that a lot!,ママにそっくりだね！,ほんと？よく言われるんだ！,look like,2,You look like your mom!,1-3-23,1-3-23,Ivy,Ruth,1,user,05.png,right,left,____________,____________,You look like your mom!,You|look|like|your|mom!,1-3-23-a.mp3,1-3-23-b.mp3
st1_sec3_e0143b,46,ast1_sec3_r05,,You look like your mom!,Really? People say that a lot!,ママにそっくりだね！,ほんと？よく言われるんだ！,look like,1,Really? People say that a lot!,1-3-23,1-3-23,Ivy,Ruth,2,user,05.png,right,left,You look like your mom!,____________,Really? People say that a lot!,Really?|People|say|that|a|lot!,1-3-23-a.mp3,1-3-23-b.mp3
st1_sec3_e0144a,47,ast1_sec3_r05,,"Excuse me, how can I help you?",I'm looking for the kids' books.,すみません、何かお探しですか？,子ども向けの本を探してるんです。,How can I help you?,2,"Excuse me, how can I help you?",1-3-24,1-3-24,Ivy,Ruth,1,user,05.png,right,left,____________,____________,"Excuse me, how can I help you?","Excuse|me,|how|can|I|help|you?",1-3-24-a.mp3,1-3-24-b.mp3
st1_sec3_e0144b,48,ast1_sec3_r05,,"Excuse me, how can I help you?",I'm looking for the kids' books.,すみません、何かお探しですか？,子ども向けの本を探してるんです。,How can I help you?,1,I'm looking for the kids' books.,1-3-24,1-3-24,Ivy,Ruth,2,user,05.png,right,left,"Excuse me, how can I help you?",____________,I'm looking for the kids' books.,I'm|looking|for|the|kids'|books.,1-3-24-a.mp3,1-3-24-b.mp3
st1_sec3_e0145a,49,ast1_sec3_r05,,I'm a little scared of the dark.,"Don't worry, I'll stay with you.",暗いのがちょっと怖いんだ。,大丈夫、一緒にいてあげるよ。,a little,2,I'm a little scared of the dark.,1-3-25,1-3-25,Ivy,Ruth,1,user,05.png,right,left,____________,____________,I'm a little scared of the dark.,I'm|a|little|scared|of|the|dark.,1-3-25-a.mp3,1-3-25-b.mp3
st1_sec3_e0145b,50,ast1_sec3_r05,,I'm a little scared of the dark.,"Don't worry, I'll stay with you.",暗いのがちょっと怖いんだ。,大丈夫、一緒にいてあげるよ。,a little,1,"Don't worry, I'll stay with you.",1-3-25,1-3-25,Ivy,Ruth,2,user,05.png,right,left,I'm a little scared of the dark.,____________,"Don't worry, I'll stay with you.","Don't|worry,|I'll|stay|with|you.",1-3-25-a.mp3,1-3-25-b.mp3
st1_sec3_e0146a,51,ast1_sec3_r06,,"Wash your hands before dinner, please!","Okay, Mom! I'm going now.",夕ごはんの前に手を洗ってね！,はーい、ママ！今行くよ。,before,2,"Wash your hands before dinner, please!",1-3-26,1-3-26,Ivy,Ruth,1,user,05.png,right,left,____________,____________,"Wash your hands before dinner, please!","Wash|your|hands|before|dinner,|please!",1-3-26-a.mp3,1-3-26-b.mp3
st1_sec3_e0146b,52,ast1_sec3_r06,,"Wash your hands before dinner, please!","Okay, Mom! I'm going now.",夕ごはんの前に手を洗ってね！,はーい、ママ！今行くよ。,before,1,"Okay, Mom! I'm going now.",1-3-26,1-3-26,Ivy,Ruth,2,user,05.png,right,left,"Wash your hands before dinner, please!",____________,"Okay, Mom! I'm going now.","Okay,|Mom!|I'm|going|now.",1-3-26-a.mp3,1-3-26-b.mp3
st1_sec3_e0147a,53,ast1_sec3_r06,,Don't tell me the end of the movie!,"Oops, sorry! I won't say anything.",映画の結末を言わないで！,あっ、ごめん!何も言わないよ。,end,2,Don't tell me the end of the movie!,1-3-27,1-3-27,Ivy,Ruth,1,user,05.png,right,left,____________,____________,Don't tell me the end of the movie!,Don't|tell|me|the|end|of|the|movie!,1-3-27-a.mp3,1-3-27-b.mp3
st1_sec3_e0147b,54,ast1_sec3_r06,,Don't tell me the end of the movie!,"Oops, sorry! I won't say anything.",映画の結末を言わないで！,あっ、ごめん!何も言わないよ。,end,1,"Oops, sorry! I won't say anything.",1-3-27,1-3-27,Ivy,Ruth,2,user,05.png,right,left,Don't tell me the end of the movie!,____________,"Oops, sorry! I won't say anything.","Oops,|sorry!|I|won't|say|anything.",1-3-27-a.mp3,1-3-27-b.mp3
st1_sec3_e0148a,55,ast1_sec3_r06,,I'll try my best in the race tomorrow!,Good luck! You'll do great!,明日のかけっこ、全力でがんばる！,がんばって！きっとうまくいくよ！,try my best,2,I'll try my best in the race tomorrow!,1-3-28,1-3-28,Ivy,Ruth,1,user,05.png,right,left,____________,____________,I'll try my best in the race tomorrow!,I'll|try|my|best|in|the|race|tomorrow!,1-3-28-a.mp3,1-3-28-b.mp3
st1_sec3_e0148b,56,ast1_sec3_r06,,I'll try my best in the race tomorrow!,Good luck! You'll do great!,明日のかけっこ、全力でがんばる！,がんばって！きっとうまくいくよ！,try my best,1,Good luck! You'll do great!,1-3-28,1-3-28,Ivy,Ruth,2,user,05.png,right,left,I'll try my best in the race tomorrow!,____________,Good luck! You'll do great!,Good|luck!|You'll|do|great!,1-3-28-a.mp3,1-3-28-b.mp3
st1_sec3_e0149a,57,ast1_sec3_r06,,Can I ask you a question?,"Sure, what is it?",質問してもいい？,いいよ、何？,ask,2,Can I ask you a question?,1-3-29,1-3-29,Ivy,Ruth,1,user,05.png,right,left,____________,____________,Can I ask you a question?,Can|I|ask|you|a|question?,1-3-29-a.mp3,1-3-29-b.mp3
st1_sec3_e0149b,58,ast1_sec3_r06,,Can I ask you a question?,"Sure, what is it?",質問してもいい？,いいよ、何？,ask,1,"Sure, what is it?",1-3-29,1-3-29,Ivy,Ruth,2,user,05.png,right,left,Can I ask you a question?,____________,"Sure, what is it?","Sure,|what|is|it?",1-3-29-a.mp3,1-3-29-b.mp3
st1_sec3_e0150a,59,ast1_sec3_r06,,Did you hear the news? Our team won!,Yes! That's awesome!,ニュース聞いた？私たちのチームが勝ったよ！,うん!最高だね！,new,2,Did you hear the news? Our team won!,1-3-30,1-3-30,Ivy,Ruth,1,user,05.png,right,left,____________,____________,Did you hear the news? Our team won!,Did|you|hear|the|news?|Our|team|won!,1-3-30-a.mp3,1-3-30-b.mp3
st1_sec3_e0150b,60,ast1_sec3_r06,,Did you hear the news? Our team won!,Yes! That's awesome!,ニュース聞いた？私たちのチームが勝ったよ！,うん!最高だね！,new,1,Yes! That's awesome!,1-3-30,1-3-30,Ivy,Ruth,2,user,05.png,right,left,Did you hear the news? Our team won!,____________,Yes! That's awesome!,Yes!|That's|awesome!,1-3-30-a.mp3,1-3-30-b.mp3
st1_sec3_e0151a,61,ast1_sec3_r07,,I love action movies!,Me too! The fight scenes are the best.,アクション映画が大好き！,私も！戦うシーンが一番いいよね。,action,2,I love action movies!,1-3-31,1-3-31,Ivy,Ruth,1,user,05.png,right,left,____________,____________,I love action movies!,I|love|action|movies!,1-3-31-a.mp3,1-3-31-b.mp3
st1_sec3_e0151b,62,ast1_sec3_r07,,I love action movies!,Me too! The fight scenes are the best.,アクション映画が大好き！,私も！戦うシーンが一番いいよね。,action,1,Me too! The fight scenes are the best.,1-3-31,1-3-31,Ivy,Ruth,2,user,05.png,right,left,I love action movies!,____________,Me too! The fight scenes are the best.,Me|too!|The|fight|scenes|are|the|best.,1-3-31-a.mp3,1-3-31-b.mp3
st1_sec3_e0152a,63,ast1_sec3_r07,,My dog is happily playing in the yard.,"Aww, dogs are so cute!",うちの犬が庭で楽しそうに遊んでる。,あぁ、犬ってほんとかわいいね！,happily,2,My dog is happily playing in the yard.,1-3-32,1-3-32,Ivy,Ruth,1,user,05.png,right,left,____________,____________,My dog is happily playing in the yard.,My|dog|is|happily|playing|in|the|yard.,1-3-32-a.mp3,1-3-32-b.mp3
st1_sec3_e0152b,64,ast1_sec3_r07,,My dog is happily playing in the yard.,"Aww, dogs are so cute!",うちの犬が庭で楽しそうに遊んでる。,あぁ、犬ってほんとかわいいね！,happily,1,"Aww, dogs are so cute!",1-3-32,1-3-32,Ivy,Ruth,2,user,05.png,right,left,My dog is happily playing in the yard.,____________,"Aww, dogs are so cute!","Aww,|dogs|are|so|cute!",1-3-32-a.mp3,1-3-32-b.mp3
st1_sec3_e0153a,65,ast1_sec3_r07,,Can you turn off the light? I want to sleep.,"Sure, good night!",電気消してくれる？寝たいの。,いいよ、おやすみ！,light,2,Can you turn off the light? I want to sleep.,1-3-33,1-3-33,Ivy,Ruth,1,user,05.png,right,left,____________,____________,Can you turn off the light? I want to sleep.,Can|you|turn|off|the|light?|I|want|to|sleep.,1-3-33-a.mp3,1-3-33-b.mp3
st1_sec3_e0153b,66,ast1_sec3_r07,,Can you turn off the light? I want to sleep.,"Sure, good night!",電気消してくれる？寝たいの。,いいよ、おやすみ！,light,1,"Sure, good night!",1-3-33,1-3-33,Ivy,Ruth,2,user,05.png,right,left,Can you turn off the light? I want to sleep.,____________,"Sure, good night!","Sure,|good|night!",1-3-33-a.mp3,1-3-33-b.mp3
st1_sec3_e0154a,67,ast1_sec3_r07,,My mom works at a big company.,Cool! What does she do there?,ママは大きな会社で働いてるんだ。,いいね！そこで何してるの？,company,2,My mom works at a big company.,1-3-34,1-3-34,Ivy,Ruth,1,user,05.png,right,left,____________,____________,My mom works at a big company.,My|mom|works|at|a|big|company.,1-3-34-a.mp3,1-3-34-b.mp3
st1_sec3_e0154b,68,ast1_sec3_r07,,My mom works at a big company.,Cool! What does she do there?,ママは大きな会社で働いてるんだ。,いいね！そこで何してるの？,company,1,Cool! What does she do there?,1-3-34,1-3-34,Ivy,Ruth,2,user,05.png,right,left,My mom works at a big company.,____________,Cool! What does she do there?,Cool!|What|does|she|do|there?,1-3-34-a.mp3,1-3-34-b.mp3
st1_sec3_e0155a,69,ast1_sec3_r07,,Can you explain this math problem to me?,"Sure, let me show you step by step.",この算数の問題、説明してくれる？,いいよ、一歩ずつ教えてあげる。,explain,2,Can you explain this math problem to me?,1-3-35,1-3-35,Ivy,Ruth,1,user,05.png,right,left,____________,____________,Can you explain this math problem to me?,Can|you|explain|this|math|problem|to|me?,1-3-35-a.mp3,1-3-35-b.mp3
st1_sec3_e0155b,70,ast1_sec3_r07,,Can you explain this math problem to me?,"Sure, let me show you step by step.",この算数の問題、説明してくれる？,いいよ、一歩ずつ教えてあげる。,explain,1,"Sure, let me show you step by step.",1-3-35,1-3-35,Ivy,Ruth,2,user,05.png,right,left,Can you explain this math problem to me?,____________,"Sure, let me show you step by step.","Sure,|let|me|show|you|step|by|step.",1-3-35-a.mp3,1-3-35-b.mp3
st1_sec3_e0156a,71,ast1_sec3_r08,,My dad has a new job!,Cool! What does he do?,パパが新しい仕事を始めたんだ！,いいね！何してるの？,job,2,My dad has a new job!,1-3-36,1-3-36,Ivy,Ruth,1,user,05.png,right,left,____________,____________,My dad has a new job!,My|dad|has|a|new|job!,1-3-36-a.mp3,1-3-36-b.mp3
st1_sec3_e0156b,72,ast1_sec3_r08,,My dad has a new job!,Cool! What does he do?,パパが新しい仕事を始めたんだ！,いいね！何してるの？,job,1,Cool! What does he do?,1-3-36,1-3-36,Ivy,Ruth,2,user,05.png,right,left,My dad has a new job!,____________,Cool! What does he do?,Cool!|What|does|he|do?,1-3-36-a.mp3,1-3-36-b.mp3
st1_sec3_e0157a,73,ast1_sec3_r08,,Let's play games online tonight!,Yes! I'll send you a message later.,今夜オンラインでゲームしようよ！,うん！あとでメッセージ送るね。,online,2,Let's play games online tonight!,1-3-37,1-3-37,Ivy,Ruth,1,user,05.png,right,left,____________,____________,Let's play games online tonight!,Let's|play|games|online|tonight!,1-3-37-a.mp3,1-3-37-b.mp3
st1_sec3_e0157b,74,ast1_sec3_r08,,Let's play games online tonight!,Yes! I'll send you a message later.,今夜オンラインでゲームしようよ！,うん！あとでメッセージ送るね。,online,1,Yes! I'll send you a message later.,1-3-37,1-3-37,Ivy,Ruth,2,user,05.png,right,left,Let's play games online tonight!,____________,Yes! I'll send you a message later.,Yes!|I'll|send|you|a|message|later.,1-3-37-a.mp3,1-3-37-b.mp3
st1_sec3_e0158a,75,ast1_sec3_r08,,"Wow, you're able to swim already?",Yeah! My dad taught me last summer.,わぁ、もう泳げるの？,うん！去年の夏にパパが教えてくれたんだ。,able,2,"Wow, you're able to swim already?",1-3-38,1-3-38,Ivy,Ruth,1,user,05.png,right,left,____________,____________,"Wow, you're able to swim already?","Wow,|you're|able|to|swim|already?",1-3-38-a.mp3,1-3-38-b.mp3
st1_sec3_e0158b,76,ast1_sec3_r08,,"Wow, you're able to swim already?",Yeah! My dad taught me last summer.,わぁ、もう泳げるの？,うん！去年の夏にパパが教えてくれたんだ。,able,1,Yeah! My dad taught me last summer.,1-3-38,1-3-38,Ivy,Ruth,2,user,05.png,right,left,"Wow, you're able to swim already?",____________,Yeah! My dad taught me last summer.,Yeah!|My|dad|taught|me|last|summer.,1-3-38-a.mp3,1-3-38-b.mp3
st1_sec3_e0159a,77,ast1_sec3_r08,,We learned about the past in history class today.,Cool! What did you learn?,今日、歴史の授業で昔のことを習ったよ。,いいね！何を習ったの？,past,2,We learned about the past in history class today.,1-3-39,1-3-39,Ivy,Ruth,1,user,05.png,right,left,____________,____________,We learned about the past in history class today.,We|learned|about|the|past|in|history|class|today.,1-3-39-a.mp3,1-3-39-b.mp3
st1_sec3_e0159b,78,ast1_sec3_r08,,We learned about the past in history class today.,Cool! What did you learn?,今日、歴史の授業で昔のことを習ったよ。,いいね！何を習ったの？,past,1,Cool! What did you learn?,1-3-39,1-3-39,Ivy,Ruth,2,user,05.png,right,left,We learned about the past in history class today.,____________,Cool! What did you learn?,Cool!|What|did|you|learn?,1-3-39-a.mp3,1-3-39-b.mp3
st1_sec3_e0160a,79,ast1_sec3_r08,,Where do you come from?,I come from Osaka! Have you been there?,どこの出身なの？,大阪だよ！行ったことある？,come from,2,Where do you come from?,1-3-40,1-3-40,Ivy,Ruth,1,user,05.png,right,left,____________,____________,Where do you come from?,Where|do|you|come|from?,1-3-40-a.mp3,1-3-40-b.mp3
st1_sec3_e0160b,80,ast1_sec3_r08,,Where do you come from?,I come from Osaka! Have you been there?,どこの出身なの？,大阪だよ！行ったことある？,come from,1,I come from Osaka! Have you been there?,1-3-40,1-3-40,Ivy,Ruth,2,user,05.png,right,left,Where do you come from?,____________,I come from Osaka! Have you been there?,I|come|from|Osaka!|Have|you|been|there?,1-3-40-a.mp3,1-3-40-b.mp3
st1_sec3_e0161a,81,ast1_sec3_r09,,Someone is at the door!,I'll go see who it is.,誰かが玄関にいるよ！,誰か見てくるね。,someone,2,Someone is at the door!,1-3-41,1-3-41,Ivy,Ruth,1,user,05.png,right,left,____________,____________,Someone is at the door!,Someone|is|at|the|door!,1-3-41-a.mp3,1-3-41-b.mp3
st1_sec3_e0161b,82,ast1_sec3_r09,,Someone is at the door!,I'll go see who it is.,誰かが玄関にいるよ！,誰か見てくるね。,someone,1,I'll go see who it is.,1-3-41,1-3-41,Ivy,Ruth,2,user,05.png,right,left,Someone is at the door!,____________,I'll go see who it is.,I'll|go|see|who|it|is.,1-3-41-a.mp3,1-3-41-b.mp3
st1_sec3_e0162a,83,ast1_sec3_r09,,Who's that guy over there?,"Oh, that's my cousin. He's nice!",あそこにいる人、誰？,あぁ、私のいとこだよ。優しいんだ！,guy,2,Who's that guy over there?,1-3-42,1-3-42,Ivy,Ruth,1,user,05.png,right,left,____________,____________,Who's that guy over there?,Who's|that|guy|over|there?,1-3-42-a.mp3,1-3-42-b.mp3
st1_sec3_e0162b,84,ast1_sec3_r09,,Who's that guy over there?,"Oh, that's my cousin. He's nice!",あそこにいる人、誰？,あぁ、私のいとこだよ。優しいんだ！,guy,1,"Oh, that's my cousin. He's nice!",1-3-42,1-3-42,Ivy,Ruth,2,user,05.png,right,left,Who's that guy over there?,____________,"Oh, that's my cousin. He's nice!","Oh,|that's|my|cousin.|He's|nice!",1-3-42-a.mp3,1-3-42-b.mp3
st1_sec3_e0163a,85,ast1_sec3_r09,,This pizza is so large!,Yay! More for everyone!,このピザ、すごく大きい！,やった!みんなの分があるね！,large,2,This pizza is so large!,1-3-43,1-3-43,Ivy,Ruth,1,user,05.png,right,left,____________,____________,This pizza is so large!,This|pizza|is|so|large!,1-3-43-a.mp3,1-3-43-b.mp3
st1_sec3_e0163b,86,ast1_sec3_r09,,This pizza is so large!,Yay! More for everyone!,このピザ、すごく大きい！,やった!みんなの分があるね！,large,1,Yay! More for everyone!,1-3-43,1-3-43,Ivy,Ruth,2,user,05.png,right,left,This pizza is so large!,____________,Yay! More for everyone!,Yay!|More|for|everyone!,1-3-43-a.mp3,1-3-43-b.mp3
st1_sec3_e0164a,87,ast1_sec3_r09,,Is anybody home?,"Yeah, I'm in the kitchen!",誰か家にいる？,うん、台所にいるよ！,anybody,2,Is anybody home?,1-3-44,1-3-44,Ivy,Ruth,1,user,05.png,right,left,____________,____________,Is anybody home?,Is|anybody|home?,1-3-44-a.mp3,1-3-44-b.mp3
st1_sec3_e0164b,88,ast1_sec3_r09,,Is anybody home?,"Yeah, I'm in the kitchen!",誰か家にいる？,うん、台所にいるよ！,anybody,1,"Yeah, I'm in the kitchen!",1-3-44,1-3-44,Ivy,Ruth,2,user,05.png,right,left,Is anybody home?,____________,"Yeah, I'm in the kitchen!","Yeah,|I'm|in|the|kitchen!",1-3-44-a.mp3,1-3-44-b.mp3
st1_sec3_e0165a,89,ast1_sec3_r09,,Can you add some sugar to my tea?,"Sure, how many spoons?",お茶にお砂糖を足してくれる？,いいよ、スプーン何杯？,add,2,Can you add some sugar to my tea?,1-3-45,1-3-45,Ivy,Ruth,1,user,05.png,right,left,____________,____________,Can you add some sugar to my tea?,Can|you|add|some|sugar|to|my|tea?,1-3-45-a.mp3,1-3-45-b.mp3
st1_sec3_e0165b,90,ast1_sec3_r09,,Can you add some sugar to my tea?,"Sure, how many spoons?",お茶にお砂糖を足してくれる？,いいよ、スプーン何杯？,add,1,"Sure, how many spoons?",1-3-45,1-3-45,Ivy,Ruth,2,user,05.png,right,left,Can you add some sugar to my tea?,____________,"Sure, how many spoons?","Sure,|how|many|spoons?",1-3-45-a.mp3,1-3-45-b.mp3
st1_sec3_e0166a,91,ast1_sec3_r10,,I can easily finish this puzzle!,"No way, it's so hard!",このパズル、簡単に終わらせられるよ！,えー、すごく難しいのに！,easily,2,I can easily finish this puzzle!,1-3-46,1-3-46,Ivy,Ruth,1,user,05.png,right,left,____________,____________,I can easily finish this puzzle!,I|can|easily|finish|this|puzzle!,1-3-46-a.mp3,1-3-46-b.mp3
st1_sec3_e0166b,92,ast1_sec3_r10,,I can easily finish this puzzle!,"No way, it's so hard!",このパズル、簡単に終わらせられるよ！,えー、すごく難しいのに！,easily,1,"No way, it's so hard!",1-3-46,1-3-46,Ivy,Ruth,2,user,05.png,right,left,I can easily finish this puzzle!,____________,"No way, it's so hard!","No|way,|it's|so|hard!",1-3-46-a.mp3,1-3-46-b.mp3
st1_sec3_e0167a,93,ast1_sec3_r10,,I'll be ten years old next year.,Really? Me too!,来年で10歳になるんだ。,ほんと？私も！,year,2,I'll be ten years old next year.,1-3-47,1-3-47,Ivy,Ruth,1,user,05.png,right,left,____________,____________,I'll be ten years old next year.,I'll|be|ten|years|old|next|year.,1-3-47-a.mp3,1-3-47-b.mp3
st1_sec3_e0167b,94,ast1_sec3_r10,,I'll be ten years old next year.,Really? Me too!,来年で10歳になるんだ。,ほんと？私も！,year,1,Really? Me too!,1-3-47,1-3-47,Ivy,Ruth,2,user,05.png,right,left,I'll be ten years old next year.,____________,Really? Me too!,Really?|Me|too!,1-3-47-a.mp3,1-3-47-b.mp3
st1_sec3_e0168a,95,ast1_sec3_r10,,"Could you pass me the salt, please?","Sure, here you go!",お塩を取ってくれますか？,はい、どうぞ！,could,2,"Could you pass me the salt, please?",1-3-48,1-3-48,Ivy,Ruth,1,user,05.png,right,left,____________,____________,"Could you pass me the salt, please?","Could|you|pass|me|the|salt,|please?",1-3-48-a.mp3,1-3-48-b.mp3
st1_sec3_e0168b,96,ast1_sec3_r10,,"Could you pass me the salt, please?","Sure, here you go!",お塩を取ってくれますか？,はい、どうぞ！,could,1,"Sure, here you go!",1-3-48,1-3-48,Ivy,Ruth,2,user,05.png,right,left,"Could you pass me the salt, please?",____________,"Sure, here you go!","Sure,|here|you|go!",1-3-48-a.mp3,1-3-48-b.mp3
st1_sec3_e0169a,97,ast1_sec3_r10,,Don't forget to say goodbye to Grandma!,Bye Grandma! See you soon!,おばあちゃんにさよならを言うの忘れないでね！,バイバイ、おばあちゃん！またね！,goodbye,2,Don't forget to say goodbye to Grandma!,1-3-49,1-3-49,Ivy,Ruth,1,user,05.png,right,left,____________,____________,Don't forget to say goodbye to Grandma!,Don't|forget|to|say|goodbye|to|Grandma!,1-3-49-a.mp3,1-3-49-b.mp3
st1_sec3_e0169b,98,ast1_sec3_r10,,Don't forget to say goodbye to Grandma!,Bye Grandma! See you soon!,おばあちゃんにさよならを言うの忘れないでね！,バイバイ、おばあちゃん！またね！,goodbye,1,Bye Grandma! See you soon!,1-3-49,1-3-49,Ivy,Ruth,2,user,05.png,right,left,Don't forget to say goodbye to Grandma!,____________,Bye Grandma! See you soon!,Bye|Grandma!|See|you|soon!,1-3-49-a.mp3,1-3-49-b.mp3
st1_sec3_e0170a,99,ast1_sec3_r10,,"Ouch, my whole body hurts after gym class!",Same! That coach is so tough.,いたた、体育のあと体じゅうが痛いよ！,同じ！あのコーチ厳しいよね。,body,2,"Ouch, my whole body hurts after gym class!",1-3-50,1-3-50,Ivy,Ruth,1,user,05.png,right,left,____________,____________,"Ouch, my whole body hurts after gym class!","Ouch,|my|whole|body|hurts|after|gym|class!",1-3-50-a.mp3,1-3-50-b.mp3
st1_sec3_e0170b,100,ast1_sec3_r10,,"Ouch, my whole body hurts after gym class!",Same! That coach is so tough.,いたた、体育のあと体じゅうが痛いよ！,同じ！あのコーチ厳しいよね。,body,1,Same! That coach is so tough.,1-3-50,1-3-50,Ivy,Ruth,2,user,05.png,right,left,"Ouch, my whole body hurts after gym class!",____________,Same! That coach is so tough.,Same!|That|coach|is|so|tough.,1-3-50-a.mp3,1-3-50-b.mp3
st1_sec3_e0171a,101,ast1_sec3_r11,,I don't care if I lose. I just want to have fun!,That's a great attitude!,負けても気にしないよ。ただ楽しみたいんだ！,いい考え方だね！,care,2,I don't care if I lose. I just want to have fun!,1-3-51,1-3-51,Ivy,Ruth,1,user,05.png,right,left,____________,____________,I don't care if I lose. I just want to have fun!,I|don't|care|if|I|lose.|I|just|want|to|have|fun!,1-3-51-a.mp3,1-3-51-b.mp3
st1_sec3_e0171b,102,ast1_sec3_r11,,I don't care if I lose. I just want to have fun!,That's a great attitude!,負けても気にしないよ。ただ楽しみたいんだ！,いい考え方だね！,care,1,That's a great attitude!,1-3-51,1-3-51,Ivy,Ruth,2,user,05.png,right,left,I don't care if I lose. I just want to have fun!,____________,That's a great attitude!,That's|a|great|attitude!,1-3-51-a.mp3,1-3-51-b.mp3
st1_sec3_e0172a,103,ast1_sec3_r11,,Hey! Long time no see! How have you been?,Pretty good! How about you?,やあ！久しぶり！元気だった？,まあまあかな！そっちは？,How have you been?,2,Hey! Long time no see! How have you been?,1-3-52,1-3-52,Ivy,Ruth,1,user,05.png,right,left,____________,____________,Hey! Long time no see! How have you been?,Hey!|Long|time|no|see!|How|have|you|been?,1-3-52-a.mp3,1-3-52-b.mp3
st1_sec3_e0172b,104,ast1_sec3_r11,,Hey! Long time no see! How have you been?,Pretty good! How about you?,やあ！久しぶり！元気だった？,まあまあかな！そっちは？,How have you been?,1,Pretty good! How about you?,1-3-52,1-3-52,Ivy,Ruth,2,user,05.png,right,left,Hey! Long time no see! How have you been?,____________,Pretty good! How about you?,Pretty|good!|How|about|you?,1-3-52-a.mp3,1-3-52-b.mp3
st1_sec3_e0173a,105,ast1_sec3_r11,,I want to visit the moon one day!,Cool! Maybe you'll be an astronaut!,いつか月に行きたいな！,いいね!宇宙飛行士になれるかもよ！,one,2,I want to visit the moon one day!,1-3-53,1-3-53,Ivy,Ruth,1,user,05.png,right,left,____________,____________,I want to visit the moon one day!,I|want|to|visit|the|moon|one|day!,1-3-53-a.mp3,1-3-53-b.mp3
st1_sec3_e0173b,106,ast1_sec3_r11,,I want to visit the moon one day!,Cool! Maybe you'll be an astronaut!,いつか月に行きたいな！,いいね!宇宙飛行士になれるかもよ！,one,1,Cool! Maybe you'll be an astronaut!,1-3-53,1-3-53,Ivy,Ruth,2,user,05.png,right,left,I want to visit the moon one day!,____________,Cool! Maybe you'll be an astronaut!,Cool!|Maybe|you'll|be|an|astronaut!,1-3-53-a.mp3,1-3-53-b.mp3
st1_sec3_e0174a,107,ast1_sec3_r11,,Walk slowly! It's slippery here.,"Okay, I'll be careful.",ゆっくり歩いて！ここ滑りやすいよ。,うん、気をつける。,slowly,2,Walk slowly! It's slippery here.,1-3-54,1-3-54,Ivy,Ruth,1,user,05.png,right,left,____________,____________,Walk slowly! It's slippery here.,Walk|slowly!|It's|slippery|here.,1-3-54-a.mp3,1-3-54-b.mp3
st1_sec3_e0174b,108,ast1_sec3_r11,,Walk slowly! It's slippery here.,"Okay, I'll be careful.",ゆっくり歩いて！ここ滑りやすいよ。,うん、気をつける。,slowly,1,"Okay, I'll be careful.",1-3-54,1-3-54,Ivy,Ruth,2,user,05.png,right,left,Walk slowly! It's slippery here.,____________,"Okay, I'll be careful.","Okay,|I'll|be|careful.",1-3-54-a.mp3,1-3-54-b.mp3
st1_sec3_e0175a,109,ast1_sec3_r11,,Want some more cake?,"No, thank you. I'm so full!",ケーキもっといる？,いえ、けっこうです。お腹いっぱい！,"No, thank you.",2,Want some more cake?,1-3-55,1-3-55,Ivy,Ruth,1,user,05.png,right,left,____________,____________,Want some more cake?,Want|some|more|cake?,1-3-55-a.mp3,1-3-55-b.mp3
st1_sec3_e0175b,110,ast1_sec3_r11,,Want some more cake?,"No, thank you. I'm so full!",ケーキもっといる？,いえ、けっこうです。お腹いっぱい！,"No, thank you.",1,"No, thank you. I'm so full!",1-3-55,1-3-55,Ivy,Ruth,2,user,05.png,right,left,Want some more cake?,____________,"No, thank you. I'm so full!","No,|thank|you.|I'm|so|full!",1-3-55-a.mp3,1-3-55-b.mp3
st1_sec3_e0176a,111,ast1_sec3_r12,,I love drawing. I also like painting.,Cool! You should join the art club!,絵を描くのが大好き。塗るのも好きなんだ。,いいね！美術部に入りなよ！,also,2,I love drawing. I also like painting.,1-3-56,1-3-56,Ivy,Ruth,1,user,05.png,right,left,____________,____________,I love drawing. I also like painting.,I|love|drawing.|I|also|like|painting.,1-3-56-a.mp3,1-3-56-b.mp3
st1_sec3_e0176b,112,ast1_sec3_r12,,I love drawing. I also like painting.,Cool! You should join the art club!,絵を描くのが大好き。塗るのも好きなんだ。,いいね！美術部に入りなよ！,also,1,Cool! You should join the art club!,1-3-56,1-3-56,Ivy,Ruth,2,user,05.png,right,left,I love drawing. I also like painting.,____________,Cool! You should join the art club!,Cool!|You|should|join|the|art|club!,1-3-56-a.mp3,1-3-56-b.mp3
st1_sec3_e0177a,113,ast1_sec3_r12,,My sister is going to get married next year!,"Wow, that's so exciting!",お姉ちゃんが来年結婚するんだ！,わぁ、楽しみだね！,get married,2,My sister is going to get married next year!,1-3-57,1-3-57,Ivy,Ruth,1,user,05.png,right,left,____________,____________,My sister is going to get married next year!,My|sister|is|going|to|get|married|next|year!,1-3-57-a.mp3,1-3-57-b.mp3
st1_sec3_e0177b,114,ast1_sec3_r12,,My sister is going to get married next year!,"Wow, that's so exciting!",お姉ちゃんが来年結婚するんだ！,わぁ、楽しみだね！,get married,1,"Wow, that's so exciting!",1-3-57,1-3-57,Ivy,Ruth,2,user,05.png,right,left,My sister is going to get married next year!,____________,"Wow, that's so exciting!","Wow,|that's|so|exciting!",1-3-57-a.mp3,1-3-57-b.mp3
st1_sec3_e0178a,115,ast1_sec3_r12,,Should we continue the game tomorrow?,Yes! I want to win this time!,ゲームの続きは明日にする？,うん！今度こそ勝ちたい！,continue,2,Should we continue the game tomorrow?,1-3-58,1-3-58,Ivy,Ruth,1,user,05.png,right,left,____________,____________,Should we continue the game tomorrow?,Should|we|continue|the|game|tomorrow?,1-3-58-a.mp3,1-3-58-b.mp3
st1_sec3_e0178b,116,ast1_sec3_r12,,Should we continue the game tomorrow?,Yes! I want to win this time!,ゲームの続きは明日にする？,うん！今度こそ勝ちたい！,continue,1,Yes! I want to win this time!,1-3-58,1-3-58,Ivy,Ruth,2,user,05.png,right,left,Should we continue the game tomorrow?,____________,Yes! I want to win this time!,Yes!|I|want|to|win|this|time!,1-3-58-a.mp3,1-3-58-b.mp3
st1_sec3_e0179a,117,ast1_sec3_r12,,Did you hear that sound?,Yeah! What was it?,あの音、聞こえた？,うん！何だろう？,hear,2,Did you hear that sound?,1-3-59,1-3-59,Ivy,Ruth,1,user,05.png,right,left,____________,____________,Did you hear that sound?,Did|you|hear|that|sound?,1-3-59-a.mp3,1-3-59-b.mp3
st1_sec3_e0179b,118,ast1_sec3_r12,,Did you hear that sound?,Yeah! What was it?,あの音、聞こえた？,うん！何だろう？,hear,1,Yeah! What was it?,1-3-59,1-3-59,Ivy,Ruth,2,user,05.png,right,left,Did you hear that sound?,____________,Yeah! What was it?,Yeah!|What|was|it?,1-3-59-a.mp3,1-3-59-b.mp3
st1_sec3_e0180a,119,ast1_sec3_r12,,Eat vegetables! They keep you healthy.,"Okay, Mom. I'll finish my salad.",野菜を食べなさい!健康でいられるよ。,はーい、ママ。サラダ食べきるよ。,healthy,2,Eat vegetables! They keep you healthy.,1-3-60,1-3-60,Ivy,Ruth,1,user,05.png,right,left,____________,____________,Eat vegetables! They keep you healthy.,Eat|vegetables!|They|keep|you|healthy.,1-3-60-a.mp3,1-3-60-b.mp3
st1_sec3_e0180b,120,ast1_sec3_r12,,Eat vegetables! They keep you healthy.,"Okay, Mom. I'll finish my salad.",野菜を食べなさい!健康でいられるよ。,はーい、ママ。サラダ食べきるよ。,healthy,1,"Okay, Mom. I'll finish my salad.",1-3-60,1-3-60,Ivy,Ruth,2,user,05.png,right,left,Eat vegetables! They keep you healthy.,____________,"Okay, Mom. I'll finish my salad.","Okay,|Mom.|I'll|finish|my|salad.",1-3-60-a.mp3,1-3-60-b.mp3
