question_id,lesson_id,sentence1_origin,sentence2_origin,sentence_first_ja,sentence_second_ja,highlight_word,bubble_gray,sentence1_display,sentence2_display,chip_input,audio1_input,audio2_input,voice1,voice2,audio_auto,icon_first,icon_second,position_first,position_second,sentence_first_en,sentence_second_en,answer,chips,audio_first,audio_second
ステージ1_セクション1_アレンジ1という命名のしかた,必要なし？,英文1,英文2,英文1の日本語訳,英文2の日本語訳,チップの色と文章中の単語の色を変える,"どの吹き出しをグレーアウトするか
1→1文目をグレーアウト
2→2文目をグレーアウト
0→グレーアウトしない",英文1を表示するかどうか。0の場合は表示しないで____になる。実際の表示はsentence_firstの内容を表示。ここではsentence_firstを関数でつくるために1or0を記載している,英文2を表示するかどうか。0の場合は表示しないで____になる。実際の表示はsentence_secondの内容を表示。ここではsentence_secondを関数でつくるために1or0を記載している,chipsを関数で作るための入力場所,audio_firstを作るための元データ,audil_secondを作るための元データ,amazonPollyにもっていくときに使う,amazonPollyにもっていくときに使う,自動読み上げsentence,表示するアバター画像,表示するアバター画像,left/right/none,left/right/none,英文1,英文2,"複数回答の場合は、
an apple|one apple　みたいにする",shuffleできる,音声ファイル名,音声ファイル名
st1_sec1_a1,,"Brrr, my hands are so cold!","Here, take my gloves.",うわー、手がすごく冷たい！,はい、私の手袋をどうぞ。,cold,2,0,0,"Brrr, my hands are so cold!",1-1-1,1-1-1,Ruth,Ivy,1,05.png,user,left,right,____________,____________,"Brrr, my hands are so cold!","Brrr,|my|hands|are|so|cold!",1-1-1-a.mp3,1-1-1-b.mp3
st1_sec1_a2,,"Brrr, my hands are so cold!","Here, take my gloves.",うわー、手がすごく冷たい！,はい、私の手袋をどうぞ。,cold,1,1,0,"Here, take my gloves.",1-1-1,1-1-1,Ruth,Ivy,2,05.png,user,left,right,"Brrr, my hands are so cold!",____________,"Here, take my gloves.","Here,|take|my|gloves.",1-1-1-a.mp3,1-1-1-b.mp3
st1_sec1_a3,,My dad has a new job!,Cool! What does he do?,父が新しい仕事に就きました！,すごい！彼はどんな仕事をしているの？,job,2,0,0,My dad has a new job!,1-1-2,1-1-2,Ruth,Ivy,1,05.png,user,left,right,____________,____________,My dad has a new job!,My|dad|has|a|new|job!,1-1-2-a.mp3,1-1-2-b.mp3
st1_sec1_a4,,My dad has a new job!,Cool! What does he do?,父が新しい仕事に就きました！,すごい！彼はどんな仕事をしているの？,job,1,1,0,Cool! What does he do?,1-1-2,1-1-2,Ruth,Ivy,2,05.png,user,left,right,My dad has a new job!,____________,Cool! What does he do?,Cool!|What|does|he|do?,1-1-2-a.mp3,1-1-2-b.mp3
st1_sec1_a5,,What's your favorite number?,Seven! It's my lucky one.,あなたの一番好きな数字は何ですか？,7！これは私のラッキーナンバーです。,number,2,0,0,What's your favorite number?,1-1-3,1-1-3,Ruth,Ivy,1,05.png,user,left,right,____________,____________,What's your favorite number?,What's|your|favorite|number?,1-1-3-a.mp3,1-1-3-b.mp3
st1_sec1_a6,,What's your favorite number?,Seven! It's my lucky one.,あなたの一番好きな数字は何ですか？,7！これは私のラッキーナンバーです。,number,1,1,0,Seven! It's my lucky one.,1-1-3,1-1-3,Ruth,Ivy,2,05.png,user,left,right,What's your favorite number?,____________,Seven! It's my lucky one.,Seven!|It's|my|lucky|one.,1-1-3-a.mp3,1-1-3-b.mp3
st1_sec1_a7,,"Look, my mom works at this office.","Wow, it's so big!",ほら、うちの母はこのオフィスで働いているのよ。,わあ、すごく大きい！,office,2,0,0,"Look, my mom works at this office.",1-1-4,1-1-4,Ruth,Ivy,1,05.png,user,left,right,____________,____________,"Look, my mom works at this office.","Look,|my|mom|works|at|this|office.",1-1-4-a.mp3,1-1-4-b.mp3
st1_sec1_a8,,"Look, my mom works at this office.","Wow, it's so big!",ほら、うちの母はこのオフィスで働いているのよ。,わあ、すごく大きい！,office,1,1,0,"Wow, it's so big!",1-1-4,1-1-4,Ruth,Ivy,2,05.png,user,left,right,"Look, my mom works at this office.",____________,"Wow, it's so big!","Wow,|it's|so|big!",1-1-4-a.mp3,1-1-4-b.mp3